event_id,client_id,pro_id,event_type,date
E00001,CNT001,PRO0001,start,2014-08-09
E00002,CNT001,PRO0002,start,2019-10-17
E00003,CNT001,PRO0002,expansion,2021-04-17
E00004,CNT001,PRO0002,expansion,2021-09-17
E00005,CNT001,PRO0002,expansion,2022-11-17
E00006,CNT001,PRO0003,start,2023-02-01
E00007,CNT001,PRO0003,expansion,2023-03-01
E00008,CNT001,PRO0003,expansion,2023-07-01
E00009,CNT002,PRO0004,start,2016-03-30
E00010,CNT002,PRO0005,start,2020-02-29
E00011,CNT002,PRO0005,expansion,2021-01-29
E00012,CNT002,PRO0005,expansion,2022-04-29
E00013,CNT002,PRO0005,expansion,2023-06-23
E00014,CNT002,PRO0006,start,2020-08-17
E00015,CNT002,PRO0006,expansion,2021-02-17
E00016,CNT002,PRO0006,expansion,2023-06-17
E00017,CNT002,PRO0006,cancel,2023-11-17
E00018,CNT003,PRO0009,start,2022-07-11
E00019,CNT003,PRO0009,expansion,2023-08-11
E00020,CNT004,PRO0011,start,2017-03-08
E00021,CNT004,PRO0011,expansion,2018-10-08
E00022,CNT004,PRO0011,expansion,2019-06-08
E00024,CNT005,PRO0014,start,2019-05-10
E00026,CNT005,PRO0014,cancel,2021-08-10
E00027,CNT006,PRO0016,start,2017-03-21
E00028,CNT006,PRO0017,start,2020-03-07
E00031,CNT007,PRO0019,start,2020-07-17
E00032,CNT007,PRO0020,start,2015-05-19
E00035,CNT007,PRO0020,cancel,2020-04-19
E00036,CNT008,PRO0022,start,2012-09-10
E00037,CNT008,PRO0023,start,2013-04-29
E00040,CNT008,PRO0023,cancel,2020-03-29
E00041,CNT009,PRO0025,start,2015-06-01
E00042,CNT009,PRO0026,start,2020-09-02
E00045,CNT010,PRO0028,start,2022-03-07
E00046,CNT010,PRO0029,start,2017-08-26
E00049,CNT010,PRO0029,cancel,2021-02-26
E00050,CNT011,PRO0033,start,2017-12-31
E00053,CNT011,PRO0033,cancel,2021-06-29
E00054,CNT012,PRO0036,start,2013-03-11
E00056,CNT012,PRO0036,cancel,2016-06-11
E00057,CNT013,PRO0037,start,2015-11-03
E00059,CNT013,PRO0038,start,2023-01-31
E00061,CNT014,PRO0040,start,2018-03-16
E00062,CNT014,PRO0041,start,2018-12-17
E00064,CNT014,PRO0041,cancel,2019-09-17
E00065,CNT014,PRO0042,start,2021-09-20
E00067,CNT014,PRO0042,cancel,2022-03-20
E00068,CNT015,PRO0045,start,2014-03-14
E00070,CNT015,PRO0045,cancel,2014-10-14
E00071,CNT016,PRO0046,start,2014-05-07
E00072,CNT016,PRO0047,start,2016-12-28
E00073,CNT016,PRO0047,expansion,2017-06-28
E00074,CNT016,PRO0047,expansion,2018-03-28
E00075,CNT016,PRO0048,start,2013-07-16
E00076,CNT016,PRO0048,expansion,2014-12-16
E00077,CNT016,PRO0048,expansion,2017-06-16
E00078,CNT016,PRO0048,cancel,2019-06-16
E00079,CNT017,PRO0049,start,2020-01-07
E00080,CNT017,PRO0050,start,2021-11-09
E00081,CNT017,PRO0050,expansion,2023-06-09
E00082,CNT017,PRO0050,expansion,2023-10-09
E00083,CNT018,PRO0053,start,2016-11-30
E00084,CNT018,PRO0053,expansion,2018-08-30
E00085,CNT018,PRO0053,expansion,2021-05-30
E00086,CNT018,PRO0053,cancel,2022-09-30
E00087,CNT018,PRO0054,start,2019-06-23
E00088,CNT018,PRO0054,expansion,2020-03-23
E00089,CNT018,PRO0054,expansion,2022-11-23
E00090,CNT018,PRO0054,expansion,2023-09-23
E00091,CNT019,PRO0055,start,2017-02-22
E00092,CNT019,PRO0056,start,2012-03-28
E00093,CNT019,PRO0056,expansion,2012-11-28
E00094,CNT019,PRO0056,expansion,2013-08-28
E00095,CNT019,PRO0056,cancel,2014-05-28
E00096,CNT019,PRO0057,start,2016-04-14
E00097,CNT019,PRO0057,expansion,2017-02-14
E00098,CNT019,PRO0057,expansion,2017-07-14
E00099,CNT019,PRO0057,cancel,2019-12-14
E00100,CNT020,PRO0059,start,2020-01-07
E00101,CNT020,PRO0059,expansion,2020-07-07
E00102,CNT020,PRO0059,cancel,2021-02-07
E00103,CNT021,PRO0062,start,2016-06-22
E00104,CNT021,PRO0062,expansion,2017-02-22
E00105,CNT021,PRO0062,expansion,2019-04-22
E00106,CNT021,PRO0062,expansion,2022-02-22
E00107,CNT021,PRO0063,start,2020-05-07
E00108,CNT021,PRO0063,expansion,2022-10-07
E00109,CNT022,PRO0065,start,2018-04-27
E00110,CNT022,PRO0065,expansion,2018-05-27
E00111,CNT023,PRO0068,start,2013-12-20
E00112,CNT023,PRO0068,expansion,2015-05-20
E00113,CNT023,PRO0068,expansion,2016-12-20
E00114,CNT023,PRO0068,cancel,2018-05-20
E00115,CNT024,PRO0070,start,2017-03-17
E00116,CNT024,PRO0071,start,2015-10-14
E00117,CNT024,PRO0071,expansion,2016-11-14
E00118,CNT024,PRO0071,expansion,2018-09-14
E00119,CNT024,PRO0071,cancel,2020-10-14
E00120,CNT025,PRO0074,start,2015-08-22
E00121,CNT025,PRO0074,expansion,2017-01-22
E00122,CNT025,PRO0074,expansion,2018-04-22
E00123,CNT025,PRO0074,expansion,2020-03-22
E00124,CNT025,PRO0074,expansion,2022-12-22
E00125,CNT025,PRO0075,start,2015-03-03
E00126,CNT025,PRO0075,expansion,2015-12-03
E00127,CNT026,PRO0076,start,2020-01-21
E00128,CNT026,PRO0077,start,2015-05-25
E00129,CNT026,PRO0077,expansion,2017-04-25
E00130,CNT026,PRO0077,expansion,2019-04-25
E00131,CNT026,PRO0077,cancel,2020-05-25
E00132,CNT027,PRO0080,start,2014-07-25
E00133,CNT027,PRO0080,expansion,2015-04-25
E00134,CNT027,PRO0080,expansion,2016-10-25
E00135,CNT027,PRO0080,cancel,2019-04-25
E00136,CNT027,PRO0081,start,2018-04-19
E00137,CNT027,PRO0081,expansion,2018-07-19
E00138,CNT027,PRO0081,expansion,2019-06-19
E00139,CNT027,PRO0081,expansion,2021-05-19
E00140,CNT027,PRO0081,cancel,2023-04-19
E00141,CNT028,PRO0083,start,2020-04-03
E00142,CNT028,PRO0083,expansion,2020-08-03
E00143,CNT028,PRO0083,expansion,2023-05-03
E00144,CNT029,PRO0085,start,2013-11-28
E00145,CNT029,PRO0086,start,2014-04-02
E00146,CNT029,PRO0086,expansion,2014-06-02
E00147,CNT029,PRO0086,cancel,2016-01-02
E00148,CNT029,PRO0087,start,2017-04-18
E00149,CNT029,PRO0087,expansion,2018-08-18
E00150,CNT029,PRO0087,expansion,2021-02-18
E00151,CNT029,PRO0087,expansion,2022-07-18
E00152,CNT029,PRO0087,cancel,2023-03-18
E00153,CNT030,PRO0090,start,2021-08-29
E00154,CNT030,PRO0090,expansion,2022-09-29
E00155,CNT031,PRO0092,start,2021-03-31
E00156,CNT031,PRO0092,expansion,2022-02-28
E00157,CNT031,PRO0092,expansion,2023-04-28
E00158,CNT032,PRO0095,start,2019-07-09
E00159,CNT032,PRO0095,expansion,2021-04-09
E00160,CNT033,PRO0098,start,2021-09-01
E00161,CNT033,PRO0098,expansion,2022-05-01
E00162,CNT033,PRO0098,expansion,2023-05-01
E00163,CNT034,PRO0101,start,2017-07-25
E00164,CNT034,PRO0101,expansion,2019-03-25
E00165,CNT034,PRO0101,cancel,2021-08-25
E00166,CNT035,PRO0104,start,2016-11-28
E00167,CNT035,PRO0104,expansion,2018-07-28
E00168,CNT035,PRO0104,cancel,2020-05-28
E00169,CNT036,PRO0107,start,2018-11-17
E00170,CNT036,PRO0107,expansion,2019-06-17
E00171,CNT036,PRO0107,cancel,2021-10-17
E00172,CNT036,PRO0108,start,2019-03-23
E00173,CNT036,PRO0108,expansion,2020-07-23
E00174,CNT036,PRO0108,expansion,2022-01-23
E00175,CNT037,PRO0110,start,2022-06-11
E00176,CNT037,PRO0110,expansion,2023-02-11
E00177,CNT037,PRO0110,expansion,2023-04-11
E00178,CNT037,PRO0111,start,2012-06-16
E00179,CNT037,PRO0111,expansion,2014-03-16
E00180,CNT037,PRO0111,cancel,2016-02-16
E00181,CNT038,PRO0113,start,2022-02-22
E00182,CNT038,PRO0113,expansion,2022-06-22
E00183,CNT038,PRO0114,start,2016-09-01
E00184,CNT038,PRO0114,expansion,2017-01-01
E00185,CNT038,PRO0114,expansion,2018-02-01
E00186,CNT039,PRO0117,start,2017-04-23
E00187,CNT039,PRO0117,expansion,2017-12-23
E00188,CNT039,PRO0117,expansion,2018-03-23
E00189,CNT040,PRO0118,start,2018-03-06
E00190,CNT040,PRO0119,start,2019-09-28
E00191,CNT040,PRO0119,expansion,2020-02-28
E00192,CNT040,PRO0119,cancel,2021-11-28
E00193,CNT041,PRO0123,start,2022-08-02
E00194,CNT041,PRO0123,expansion,2023-05-02
E00195,CNT042,PRO0125,start,2018-05-14
E00196,CNT042,PRO0125,expansion,2020-02-14
E00197,CNT042,PRO0125,cancel,2022-01-14
E00198,CNT043,PRO0129,start,2019-08-22
E00199,CNT043,PRO0129,expansion,2021-07-22
E00200,CNT043,PRO0129,cancel,2023-05-22
E00201,CNT044,PRO0130,start,2023-09-28
E00202,CNT044,PRO0131,start,2014-09-05
E00203,CNT044,PRO0131,expansion,2016-05-05
E00204,CNT044,PRO0131,expansion,2018-01-05
E00205,CNT044,PRO0131,expansion,2018-09-05
E00206,CNT045,PRO0135,expansion,2023-03-11
E00207,CNT045,PRO0135,expansion,2023-04-11
E00208,CNT045,PRO0135,start,2023-12-11
E00209,CNT046,PRO0136,start,2022-06-21
E00210,CNT046,PRO0137,start,2021-06-21
E00211,CNT046,PRO0137,expansion,2023-03-21
E00212,CNT046,PRO0137,expansion,2023-04-21
E00213,CNT046,PRO0137,expansion,2023-04-21
E00214,CNT046,PRO0137,expansion,2023-10-21
E00215,CNT046,PRO0137,cancel,2023-12-05
E00216,CNT047,PRO0140,start,2013-11-25
E00217,CNT047,PRO0140,expansion,2015-11-25
E00218,CNT047,PRO0140,expansion,2018-02-25
E00219,CNT047,PRO0140,cancel,2019-10-25
E00220,CNT048,PRO0144,start,2014-07-02
E00221,CNT048,PRO0144,expansion,2015-06-02
E00222,CNT049,PRO0146,start,2013-03-02
E00226,CNT049,PRO0146,cancel,2020-09-02
E00227,CNT050,PRO0149,start,2016-07-05
E00230,CNT050,PRO0149,cancel,2019-01-05
E00231,CNT051,PRO0151,start,2015-03-10
E00232,CNT051,PRO0152,start,2018-04-06
E00235,CNT051,PRO0153,start,2013-12-26
E00237,CNT051,PRO0153,cancel,2017-11-26
E00238,CNT052,PRO0156,start,2017-03-20
E00240,CNT053,PRO0159,start,2018-08-01
E00243,CNT054,PRO0161,start,2018-03-16
E00246,CNT055,PRO0164,start,2016-11-06
E00249,CNT055,PRO0165,start,2015-07-08
E00251,CNT055,PRO0165,cancel,2018-06-08
E00253,CNT056,PRO0167,start,2023-08-11
E00254,CNT056,PRO0168,start,2015-06-23
E00256,CNT056,PRO0168,cancel,2018-10-23
E00257,CNT057,PRO0169,start,2012-02-25
E00258,CNT057,PRO0170,start,2022-04-13
E00261,CNT057,PRO0171,start,2012-07-02
E00262,CNT057,PRO0171,expansion,2013-06-02
E00263,CNT057,PRO0171,cancel,2014-09-02
E00264,CNT058,PRO0172,start,2013-06-17
E00265,CNT058,PRO0173,start,2012-01-31
E00266,CNT058,PRO0173,expansion,2012-03-31
E00267,CNT058,PRO0173,expansion,2014-10-31
E00268,CNT059,PRO0176,start,2012-06-29
E00269,CNT059,PRO0176,expansion,2014-04-29
E00270,CNT059,PRO0176,expansion,2015-11-29
E00271,CNT059,PRO0176,expansion,2016-12-29
E00272,CNT059,PRO0176,cancel,2019-08-29
E00273,CNT059,PRO0177,start,2016-07-28
E00274,CNT059,PRO0177,expansion,2017-12-28
E00275,CNT059,PRO0177,expansion,2020-10-28
E00276,CNT060,PRO0180,start,2015-08-02
E00277,CNT060,PRO0180,expansion,2015-09-02
E00278,CNT061,PRO0182,expansion,2023-03-22
E00279,CNT061,PRO0182,start,2023-04-22
E00280,CNT061,PRO0183,start,2013-04-29
E00281,CNT061,PRO0183,expansion,2014-02-28
E00282,CNT061,PRO0183,expansion,2014-09-28
E00283,CNT061,PRO0183,expansion,2016-11-28
E00284,CNT061,PRO0183,expansion,2018-04-28
E00285,CNT062,PRO0185,start,2016-07-19
E00286,CNT062,PRO0185,expansion,2017-07-19
E00287,CNT062,PRO0185,expansion,2020-02-19
E00288,CNT062,PRO0185,cancel,2021-02-19
E00289,CNT062,PRO0186,start,2012-02-11
E00290,CNT062,PRO0186,expansion,2012-10-11
E00291,CNT062,PRO0186,expansion,2015-08-11
E00292,CNT063,PRO0188,start,2021-08-25
E00293,CNT063,PRO0188,expansion,2022-12-25
E00294,CNT063,PRO0188,expansion,2023-03-23
E00295,CNT063,PRO0188,expansion,2023-09-23
E00296,CNT064,PRO0192,start,2012-12-30
E00297,CNT064,PRO0192,expansion,2013-02-28
E00298,CNT064,PRO0192,cancel,2013-10-28
E00299,CNT065,PRO0194,start,2013-05-27
E00300,CNT065,PRO0194,expansion,2015-02-27
E00301,CNT065,PRO0194,expansion,2016-01-27
E00302,CNT065,PRO0194,cancel,2017-03-27
E00303,CNT065,PRO0195,start,2013-04-05
E00304,CNT065,PRO0195,expansion,2015-08-05
E00305,CNT065,PRO0195,expansion,2017-08-05
E00306,CNT066,PRO0196,start,2018-10-07
E00307,CNT066,PRO0197,start,2012-04-05
E00308,CNT066,PRO0197,expansion,2012-06-05
E00309,CNT066,PRO0197,expansion,2012-12-05
E00310,CNT066,PRO0197,cancel,2015-01-05
E00311,CNT067,PRO0199,start,2022-11-22
E00312,CNT067,PRO0200,start,2015-09-25
E00313,CNT067,PRO0200,expansion,2015-10-25
E00314,CNT067,PRO0200,expansion,2018-02-25
E00315,CNT067,PRO0200,cancel,2019-01-25
E00316,CNT068,PRO0203,start,2021-09-25
E00317,CNT068,PRO0203,expansion,2022-07-25
E00318,CNT068,PRO0203,expansion,2023-05-23
E00319,CNT069,PRO0206,start,2022-04-17
E00320,CNT069,PRO0206,expansion,2023-10-17
E00321,CNT070,PRO0208,start,2021-09-03
E00322,CNT070,PRO0209,start,2014-09-04
E00323,CNT070,PRO0209,expansion,2016-03-04
E00324,CNT070,PRO0209,expansion,2018-07-04
E00325,CNT070,PRO0209,expansion,2021-01-04
E00326,CNT070,PRO0209,cancel,2022-10-04
E00327,CNT070,PRO0210,start,2015-09-02
E00328,CNT070,PRO0210,expansion,2015-10-02
E00329,CNT070,PRO0210,expansion,2017-10-02
E00330,CNT070,PRO0210,cancel,2019-12-02
E00331,CNT071,PRO0212,start,2012-04-25
E00332,CNT071,PRO0212,expansion,2013-08-25
E00333,CNT071,PRO0212,cancel,2014-08-25
E00334,CNT071,PRO0213,start,2023-04-30
E00335,CNT071,PRO0213,expansion,2023-08-23
E00336,CNT072,PRO0215,start,2019-12-08
E00337,CNT072,PRO0215,expansion,2020-10-08
E00338,CNT072,PRO0215,expansion,2021-11-08
E00339,CNT072,PRO0215,expansion,2022-12-08
E00340,CNT073,PRO0218,expansion,2023-01-22
E00341,CNT073,PRO0218,expansion,2023-07-22
E00342,CNT073,PRO0218,start,2023-10-22
E00343,CNT073,PRO0219,start,2023-05-02
E00344,CNT073,PRO0219,expansion,2023-07-02
E00345,CNT073,PRO0219,expansion,2023-11-02
E00346,CNT073,PRO0219,expansion,2023-11-02
E00347,CNT074,PRO0220,start,2012-08-23
E00348,CNT074,PRO0221,start,2016-11-17
E00349,CNT074,PRO0221,expansion,2018-10-17
E00350,CNT074,PRO0221,cancel,2021-08-17
E00351,CNT074,PRO0222,start,2020-04-10
E00352,CNT074,PRO0222,expansion,2022-02-10
E00353,CNT075,PRO0223,start,2019-08-26
E00354,CNT075,PRO0224,start,2017-04-24
E00355,CNT075,PRO0224,expansion,2018-02-24
E00356,CNT075,PRO0224,cancel,2019-08-24
E00357,CNT075,PRO0225,start,2014-02-24
E00358,CNT075,PRO0225,expansion,2014-06-24
E00359,CNT075,PRO0225,cancel,2017-04-24
E00360,CNT076,PRO0227,start,2017-01-09
E00361,CNT076,PRO0227,expansion,2017-04-09
E00362,CNT076,PRO0227,expansion,2018-01-09
E00363,CNT076,PRO0227,expansion,2020-10-09
E00364,CNT076,PRO0227,cancel,2022-07-09
E00365,CNT077,PRO0230,start,2019-08-30
E00366,CNT077,PRO0230,expansion,2021-01-30
E00367,CNT077,PRO0230,expansion,2021-06-30
E00368,CNT077,PRO0230,cancel,2023-10-30
E00369,CNT077,PRO0231,start,2019-06-20
E00370,CNT077,PRO0231,expansion,2021-03-20
E00371,CNT077,PRO0231,cancel,2021-10-20
E00372,CNT078,PRO0234,start,2018-12-10
E00373,CNT078,PRO0234,expansion,2019-02-10
E00374,CNT078,PRO0234,expansion,2021-03-10
E00375,CNT079,PRO0237,start,2016-07-21
E00376,CNT079,PRO0237,expansion,2016-11-21
E00377,CNT079,PRO0237,expansion,2019-08-21
E00378,CNT080,PRO0238,start,2017-01-05
E00379,CNT080,PRO0239,start,2018-09-03
E00380,CNT080,PRO0239,expansion,2018-11-03
E00381,CNT080,PRO0239,expansion,2020-05-03
E00382,CNT080,PRO0239,cancel,2023-04-03
E00383,CNT081,PRO0242,start,2016-10-01
E00384,CNT081,PRO0242,expansion,2018-03-01
E00385,CNT081,PRO0242,cancel,2019-05-01
E00386,CNT082,PRO0244,start,2023-03-23
E00387,CNT082,PRO0245,start,2013-06-01
E00388,CNT082,PRO0245,expansion,2013-11-01
E00389,CNT082,PRO0245,expansion,2015-11-01
E00390,CNT082,PRO0245,cancel,2016-12-01
E00391,CNT083,PRO0247,start,2018-12-09
E00392,CNT083,PRO0248,start,2021-06-11
E00393,CNT083,PRO0248,expansion,2022-11-11
E00394,CNT083,PRO0248,expansion,2023-12-11
E00395,CNT083,PRO0249,start,2022-10-23
E00396,CNT083,PRO0249,expansion,2023-02-23
E00397,CNT083,PRO0249,expansion,2023-04-23
E00398,CNT084,PRO0252,expansion,2023-01-06
E00399,CNT084,PRO0252,expansion,2023-01-06
E00400,CNT084,PRO0252,start,2023-04-06
E00401,CNT084,PRO0252,expansion,2023-04-06
E00402,CNT085,PRO0254,start,2018-11-12
E00403,CNT085,PRO0254,expansion,2020-02-12
E00404,CNT085,PRO0254,expansion,2021-12-12
E00405,CNT085,PRO0254,expansion,2023-07-12
E00406,CNT086,PRO0257,start,2018-07-22
E00407,CNT086,PRO0257,expansion,2018-09-22
E00408,CNT086,PRO0257,cancel,2020-03-22
E00409,CNT087,PRO0260,start,2017-02-21
E00410,CNT087,PRO0260,expansion,2019-05-21
E00411,CNT087,PRO0260,expansion,2019-10-21
E00412,CNT087,PRO0260,cancel,2021-08-21
E00413,CNT088,PRO0263,start,2019-01-07
E00414,CNT088,PRO0263,expansion,2019-06-07
E00415,CNT088,PRO0263,expansion,2022-05-07
E00416,CNT088,PRO0264,start,2015-11-24
E00417,CNT088,PRO0264,expansion,2017-09-24
E00418,CNT088,PRO0264,cancel,2018-11-24
E00419,CNT089,PRO0265,start,2014-07-11
E00420,CNT089,PRO0266,start,2014-09-18
E00421,CNT089,PRO0266,expansion,2015-08-18
E00422,CNT089,PRO0266,cancel,2016-05-18
E00423,CNT090,PRO0269,start,2023-01-11
E00424,CNT090,PRO0269,expansion,2023-10-11
E00425,CNT090,PRO0270,start,2015-08-14
E00426,CNT090,PRO0270,expansion,2016-04-14
E00427,CNT090,PRO0270,cancel,2016-09-14
E00428,CNT091,PRO0272,start,2022-01-06
E00429,CNT091,PRO0272,expansion,2022-11-06
E00430,CNT091,PRO0272,cancel,2023-05-06
E00431,CNT091,PRO0273,start,2016-06-25
E00432,CNT091,PRO0273,expansion,2017-12-25
E00433,CNT091,PRO0273,cancel,2018-12-25
E00434,CNT092,PRO0275,start,2014-12-12
E00435,CNT092,PRO0275,expansion,2016-03-12
E00436,CNT092,PRO0276,start,2020-02-15
E00437,CNT092,PRO0276,expansion,2020-09-15
E00438,CNT092,PRO0276,expansion,2022-06-15
E00439,CNT092,PRO0276,expansion,2023-04-15
E00440,CNT093,PRO0277,start,2016-07-03
E00441,CNT093,PRO0278,start,2015-07-03
E00442,CNT093,PRO0278,expansion,2017-03-03
E00443,CNT093,PRO0278,cancel,2018-07-03
E00444,CNT093,PRO0279,start,2016-07-08
E00445,CNT093,PRO0279,expansion,2018-04-08
E00446,CNT093,PRO0279,expansion,2019-11-08
E00447,CNT094,PRO0282,start,2016-07-14
E00448,CNT094,PRO0282,expansion,2018-01-14
E00449,CNT094,PRO0282,expansion,2018-05-14
E00450,CNT094,PRO0282,cancel,2020-07-14
E00451,CNT095,PRO0283,start,2016-11-16
E00452,CNT095,PRO0284,start,2020-12-09
E00453,CNT095,PRO0284,expansion,2022-06-09
E00454,CNT095,PRO0285,start,2022-12-02
E00455,CNT095,PRO0285,expansion,2023-11-02
E00456,CNT095,PRO0285,expansion,2023-12-02
E00457,CNT096,PRO0287,start,2015-03-21
E00458,CNT096,PRO0287,expansion,2016-06-21
E00459,CNT096,PRO0287,expansion,2016-09-21
E00460,CNT096,PRO0287,expansion,2017-05-21
E00461,CNT096,PRO0287,cancel,2018-04-21
E00462,CNT097,PRO0290,start,2014-03-05
E00463,CNT097,PRO0290,expansion,2016-01-05
E00464,CNT097,PRO0290,expansion,2017-04-05
E00465,CNT097,PRO0290,cancel,2018-08-05
E00466,CNT097,PRO0291,start,2014-11-12
E00467,CNT097,PRO0291,expansion,2015-08-12
E00468,CNT097,PRO0291,cancel,2017-07-12
E00469,CNT098,PRO0292,start,2022-02-21
E00470,CNT098,PRO0293,start,2020-11-02
E00471,CNT098,PRO0293,expansion,2021-11-02
E00472,CNT098,PRO0293,cancel,2023-12-02
E00473,CNT098,PRO0294,start,2013-01-21
E00474,CNT098,PRO0294,expansion,2014-03-21
E00475,CNT098,PRO0294,cancel,2016-09-21
E00476,CNT099,PRO0297,start,2013-02-02
E00477,CNT099,PRO0297,expansion,2014-09-02
E00478,CNT099,PRO0297,expansion,2017-08-02
E00479,CNT099,PRO0297,expansion,2018-10-02
E00480,CNT099,PRO0297,expansion,2020-06-02
E00481,CNT100,PRO0298,start,2018-05-18
E00482,CNT100,PRO0299,start,2019-05-15
E00483,CNT100,PRO0299,expansion,2020-06-15
E00484,CNT100,PRO0299,cancel,2022-01-15
E00485,CNT100,PRO0300,start,2015-11-30
E00486,CNT100,PRO0300,expansion,2016-06-30
E00487,CNT100,PRO0300,expansion,2018-12-30
E00488,CNT100,PRO0300,cancel,2020-10-30
E00489,CNT101,PRO0302,start,2021-04-29
E00490,CNT101,PRO0302,expansion,2022-06-29
E00491,CNT101,PRO0303,start,2016-03-23
E00492,CNT101,PRO0303,expansion,2017-07-23
E00493,CNT101,PRO0303,expansion,2019-11-23
E00494,CNT101,PRO0303,cancel,2021-01-23
E00495,CNT102,PRO0305,start,2020-10-31
E00496,CNT102,PRO0305,expansion,2021-05-31
E00497,CNT102,PRO0305,expansion,2022-11-30
E00498,CNT102,PRO0305,expansion,2023-02-23
E00499,CNT103,PRO0308,start,2021-10-15
E00500,CNT103,PRO0308,expansion,2022-09-15
E00501,CNT103,PRO0308,expansion,2023-08-15
E00502,CNT104,PRO0312,start,2019-10-07
E00503,CNT104,PRO0312,expansion,2021-02-07
E00504,CNT104,PRO0312,expansion,2022-06-07
E00505,CNT104,PRO0312,expansion,2023-06-07
E00506,CNT105,PRO0314,expansion,2023-03-06
E00507,CNT105,PRO0314,start,2023-08-06
E00508,CNT105,PRO0314,expansion,2023-10-06
E00509,CNT105,PRO0315,start,2019-06-21
E00510,CNT105,PRO0315,expansion,2020-06-21
E00511,CNT105,PRO0315,expansion,2022-10-21
E00512,CNT106,PRO0317,start,2016-03-09
E00513,CNT106,PRO0317,expansion,2017-06-09
E00514,CNT106,PRO0317,expansion,2018-07-09
E00515,CNT106,PRO0317,expansion,2019-11-09
E00516,CNT107,PRO0319,start,2019-05-27
E00517,CNT107,PRO0320,start,2016-11-02
E00518,CNT107,PRO0320,expansion,2018-06-02
E00519,CNT107,PRO0320,expansion,2020-11-02
E00520,CNT107,PRO0320,cancel,2022-02-02
E00521,CNT107,PRO0321,start,2017-01-11
E00522,CNT107,PRO0321,expansion,2018-12-11
E00523,CNT107,PRO0321,expansion,2020-01-11
E00524,CNT107,PRO0321,expansion,2021-03-11
E00525,CNT108,PRO0322,start,2020-06-11
E00526,CNT108,PRO0323,start,2017-10-16
E00527,CNT108,PRO0323,expansion,2019-05-16
E00528,CNT108,PRO0323,expansion,2020-06-16
E00529,CNT109,PRO0325,start,2014-03-03
E00530,CNT109,PRO0326,start,2018-02-27
E00531,CNT109,PRO0326,expansion,2018-04-27
E00532,CNT109,PRO0326,expansion,2019-03-27
E00533,CNT109,PRO0326,expansion,2019-12-27
E00534,CNT109,PRO0326,cancel,2022-01-27
E00535,CNT110,PRO0329,start,2019-12-13
E00536,CNT110,PRO0329,expansion,2021-02-13
E00537,CNT110,PRO0329,cancel,2021-10-13
E00538,CNT111,PRO0331,start,2022-11-12
E00539,CNT111,PRO0332,start,2012-04-25
E00540,CNT111,PRO0332,expansion,2012-07-25
E00541,CNT111,PRO0332,cancel,2014-07-25
E00542,CNT112,PRO0335,start,2019-05-25
E00543,CNT112,PRO0335,expansion,2019-12-25
E00544,CNT112,PRO0335,expansion,2020-11-25
E00545,CNT113,PRO0337,start,2012-06-21
E00546,CNT113,PRO0338,start,2015-05-13
E00547,CNT113,PRO0338,expansion,2016-12-13
E00548,CNT113,PRO0338,cancel,2017-11-13
E00549,CNT113,PRO0339,start,2022-07-18
E00550,CNT113,PRO0339,expansion,2022-10-18
E00551,CNT113,PRO0339,expansion,2023-10-18
E00552,CNT114,PRO0340,start,2018-12-12
E00553,CNT114,PRO0341,start,2021-02-18
E00554,CNT114,PRO0341,expansion,2021-05-18
E00555,CNT114,PRO0341,expansion,2022-12-18
E00556,CNT114,PRO0342,start,2015-04-19
E00557,CNT114,PRO0342,expansion,2015-06-19
E00558,CNT114,PRO0342,expansion,2016-05-19
E00559,CNT115,PRO0344,start,2022-05-18
E00560,CNT115,PRO0344,expansion,2023-05-18
E00561,CNT115,PRO0344,expansion,2023-10-18
E00562,CNT116,PRO0347,start,2016-11-16
E00563,CNT116,PRO0347,expansion,2018-01-16
E00564,CNT116,PRO0348,start,2014-12-15
E00565,CNT116,PRO0348,expansion,2015-03-15
E00566,CNT116,PRO0348,expansion,2017-02-15
E00567,CNT116,PRO0348,expansion,2017-06-15
E00568,CNT117,PRO0349,start,2022-05-14
E00569,CNT117,PRO0350,expansion,2023-03-23
E00570,CNT117,PRO0350,expansion,2023-03-23
E00571,CNT117,PRO0350,start,2023-09-23
E00572,CNT118,PRO0352,start,2023-02-08
E00573,CNT118,PRO0353,start,2014-02-26
E00574,CNT118,PRO0353,expansion,2016-03-26
E00575,CNT118,PRO0353,expansion,2019-02-26
E00576,CNT119,PRO0356,start,2016-11-13
E00577,CNT119,PRO0356,expansion,2017-01-13
E00578,CNT120,PRO0360,start,2022-12-26
E00579,CNT120,PRO0360,expansion,2023-03-23
E00580,CNT121,PRO0362,start,2022-08-10
E00581,CNT121,PRO0362,expansion,2023-05-10
E00582,CNT121,PRO0362,expansion,2023-06-10
E00583,CNT122,PRO0364,start,2015-05-11
E00584,CNT122,PRO0365,start,2013-12-14
E00585,CNT122,PRO0365,expansion,2014-12-14
E00586,CNT122,PRO0365,expansion,2017-08-14
E00587,CNT122,PRO0365,cancel,2018-11-14
E00588,CNT123,PRO0368,start,2022-02-26
E00589,CNT123,PRO0368,expansion,2023-01-26
E00590,CNT123,PRO0368,expansion,2023-05-23
E00591,CNT124,PRO0370,start,2022-05-19
E00592,CNT124,PRO0371,start,2018-05-07
E00593,CNT124,PRO0371,expansion,2019-03-07
E00594,CNT124,PRO0371,cancel,2020-05-07
E00595,CNT124,PRO0372,expansion,2023-03-02
E00596,CNT124,PRO0372,start,2023-07-02
E00597,CNT124,PRO0372,expansion,2023-09-02
E00598,CNT125,PRO0374,start,2021-04-08
E00599,CNT125,PRO0374,expansion,2023-05-08
E00600,CNT125,PRO0374,expansion,2023-09-08
E00601,CNT125,PRO0374,expansion,2023-10-08
E00602,CNT126,PRO0376,start,2023-04-28
E00603,CNT126,PRO0377,start,2017-03-13
E00604,CNT126,PRO0377,expansion,2017-12-13
E00605,CNT126,PRO0377,expansion,2020-02-13
E00606,CNT126,PRO0377,cancel,2022-05-13
E00607,CNT126,PRO0378,start,2015-04-26
E00608,CNT126,PRO0378,expansion,2016-04-26
E00609,CNT126,PRO0378,expansion,2018-09-26
E00610,CNT126,PRO0378,cancel,2020-10-26
E00611,CNT127,PRO0380,expansion,2023-02-08
E00612,CNT127,PRO0380,start,2023-05-08
E00613,CNT127,PRO0380,expansion,2023-09-08
E00614,CNT127,PRO0380,expansion,2023-12-08
E00615,CNT127,PRO0381,expansion,2023-01-23
E00616,CNT127,PRO0381,start,2023-05-31
E00617,CNT128,PRO0384,start,2015-07-10
E00618,CNT128,PRO0384,expansion,2016-12-10
E00619,CNT128,PRO0384,cancel,2019-11-10
E00620,CNT129,PRO0386,start,2014-05-06
E00621,CNT129,PRO0386,expansion,2015-11-06
E00622,CNT130,PRO0390,start,2018-12-31
E00623,CNT130,PRO0390,expansion,2020-01-31
E00624,CNT130,PRO0390,expansion,2020-08-31
E00625,CNT130,PRO0390,expansion,2023-02-28
E00626,CNT131,PRO0392,start,2018-04-18
E00627,CNT131,PRO0392,expansion,2018-09-18
E00628,CNT131,PRO0392,expansion,2019-09-18
E00629,CNT131,PRO0392,expansion,2021-04-18
E00630,CNT131,PRO0392,cancel,2023-03-18
E00631,CNT131,PRO0393,start,2021-04-04
E00632,CNT131,PRO0393,expansion,2022-06-04
E00633,CNT131,PRO0393,expansion,2022-12-04
E00634,CNT132,PRO0395,start,2017-12-19
E00635,CNT132,PRO0395,expansion,2019-10-19
E00636,CNT132,PRO0395,cancel,2021-01-19
E00637,CNT133,PRO0398,start,2018-03-22
E00638,CNT133,PRO0398,expansion,2020-01-22
E00639,CNT133,PRO0398,cancel,2021-07-22
E00640,CNT134,PRO0402,start,2012-04-06
E00641,CNT134,PRO0402,expansion,2012-07-06
E00642,CNT134,PRO0402,expansion,2014-03-06
E00643,CNT134,PRO0402,cancel,2015-04-06
E00644,CNT135,PRO0403,start,2019-04-19
E00645,CNT135,PRO0404,start,2012-04-26
E00646,CNT135,PRO0404,expansion,2012-06-26
E00647,CNT135,PRO0404,expansion,2014-12-26
E00648,CNT135,PRO0404,cancel,2015-04-26
E00649,CNT136,PRO0407,start,2019-02-06
E00650,CNT136,PRO0407,expansion,2019-06-06
E00651,CNT136,PRO0407,cancel,2020-06-06
E00652,CNT137,PRO0411,expansion,2023-01-14
E00653,CNT137,PRO0411,expansion,2023-03-14
E00654,CNT137,PRO0411,expansion,2023-09-14
E00655,CNT137,PRO0411,start,2023-10-14
E00656,CNT138,PRO0412,start,2020-02-15
E00657,CNT138,PRO0413,start,2017-08-02
E00658,CNT138,PRO0413,expansion,2017-12-02
E00659,CNT138,PRO0413,cancel,2019-07-02
E00660,CNT138,PRO0414,start,2016-01-14
E00661,CNT138,PRO0414,expansion,2017-06-14
E00662,CNT138,PRO0414,cancel,2019-04-14
E00663,CNT139,PRO0417,start,2021-10-24
E00664,CNT139,PRO0417,expansion,2023-07-24
E00665,CNT140,PRO0419,start,2017-09-10
E00666,CNT140,PRO0419,expansion,2017-10-10
E00667,CNT140,PRO0419,expansion,2020-06-10
E00668,CNT140,PRO0420,start,2019-04-02
E00669,CNT140,PRO0420,expansion,2019-05-02
E00670,CNT140,PRO0420,expansion,2021-11-02
E00671,CNT140,PRO0420,cancel,2022-10-02
E00672,CNT141,PRO0422,start,2022-04-06
E00673,CNT141,PRO0422,expansion,2023-04-06
E00674,CNT141,PRO0422,cancel,2023-08-06
E00675,CNT142,PRO0424,start,2022-09-07
E00676,CNT142,PRO0425,start,2012-07-16
E00677,CNT142,PRO0425,expansion,2012-08-16
E00678,CNT142,PRO0425,cancel,2015-06-16
E00679,CNT142,PRO0426,start,2019-10-19
E00680,CNT142,PRO0426,expansion,2020-06-19
E00681,CNT142,PRO0426,expansion,2022-09-19
E00682,CNT142,PRO0426,cancel,2023-02-19
E00683,CNT143,PRO0428,start,2017-03-02
E00684,CNT143,PRO0428,expansion,2018-01-02
E00685,CNT143,PRO0428,cancel,2020-02-02
E00686,CNT143,PRO0429,start,2013-03-24
E00687,CNT143,PRO0429,expansion,2014-09-24
E00688,CNT143,PRO0429,cancel,2016-07-24
E00689,CNT144,PRO0431,start,2012-05-12
E00690,CNT144,PRO0431,expansion,2012-09-12
E00691,CNT144,PRO0431,cancel,2013-08-12
E00692,CNT145,PRO0434,start,2022-07-04
E00693,CNT145,PRO0434,expansion,2023-04-04
E00694,CNT145,PRO0434,expansion,2023-09-04
E00695,CNT145,PRO0435,start,2017-01-20
E00696,CNT145,PRO0435,expansion,2018-05-20
E00697,CNT145,PRO0435,expansion,2021-02-20
E00698,CNT145,PRO0435,cancel,2023-04-20
E00699,CNT146,PRO0436,start,2016-10-07
E00700,CNT146,PRO0437,start,2019-07-14
E00701,CNT146,PRO0437,expansion,2020-07-14
E00702,CNT146,PRO0437,expansion,2022-11-14
E00703,CNT147,PRO0440,start,2022-02-13
E00704,CNT147,PRO0440,expansion,2023-02-13
E00705,CNT147,PRO0440,expansion,2023-10-13
E00706,CNT148,PRO0443,start,2012-01-10
E00707,CNT148,PRO0443,expansion,2013-10-10
E00708,CNT148,PRO0443,cancel,2015-05-10
E00709,CNT148,PRO0444,expansion,2023-01-16
E00710,CNT148,PRO0444,start,2023-11-16
E00711,CNT148,PRO0444,expansion,2023-12-16
E00712,CNT149,PRO0446,start,2014-10-28
E00713,CNT149,PRO0446,expansion,2015-10-28
E00714,CNT149,PRO0446,expansion,2017-12-28
E00715,CNT149,PRO0446,cancel,2019-12-28
E00716,CNT150,PRO0449,start,2013-12-05
E00717,CNT150,PRO0449,expansion,2014-07-05
E00718,CNT150,PRO0449,expansion,2015-01-05
E00719,CNT150,PRO0450,start,2019-02-01
E00720,CNT150,PRO0450,expansion,2019-10-01
E00721,CNT150,PRO0450,expansion,2022-02-01
E00722,CNT150,PRO0450,cancel,2023-08-01
E00723,CNT151,PRO0453,expansion,2023-02-16
E00724,CNT151,PRO0453,start,2023-06-16
E00725,CNT151,PRO0453,expansion,2023-12-16
E00726,CNT152,PRO0455,start,2023-08-18
E00727,CNT152,PRO0455,expansion,2023-09-18
E00728,CNT152,PRO0455,expansion,2023-10-18
E00729,CNT153,PRO0458,start,2022-04-20
E00730,CNT153,PRO0458,expansion,2023-02-20
E00731,CNT153,PRO0458,expansion,2023-03-20
E00732,CNT154,PRO0460,start,2014-01-08
E00733,CNT154,PRO0461,start,2020-07-16
E00734,CNT154,PRO0461,expansion,2021-05-16
E00735,CNT154,PRO0461,cancel,2022-09-16
E00736,CNT155,PRO0464,start,2018-09-02
E00737,CNT155,PRO0464,expansion,2018-12-02
E00738,CNT155,PRO0465,start,2018-08-05
E00739,CNT155,PRO0465,expansion,2019-09-05
E00740,CNT156,PRO0466,start,2013-05-05
E00741,CNT156,PRO0467,start,2021-12-12
E00742,CNT156,PRO0467,expansion,2023-08-12
E00743,CNT156,PRO0467,expansion,2023-09-12
E00744,CNT156,PRO0468,start,2014-12-15
E00745,CNT156,PRO0468,expansion,2015-10-15
E00746,CNT156,PRO0468,cancel,2018-03-15
E00747,CNT157,PRO0470,start,2015-08-25
E00748,CNT157,PRO0470,expansion,2017-04-25
E00749,CNT157,PRO0470,expansion,2019-11-25
E00750,CNT157,PRO0470,cancel,2022-04-25
E00751,CNT157,PRO0471,start,2021-06-13
E00752,CNT157,PRO0471,expansion,2022-04-13
E00753,CNT158,PRO0473,start,2020-07-12
E00754,CNT158,PRO0473,expansion,2021-07-12
E00755,CNT158,PRO0473,expansion,2023-06-12
E00756,CNT159,PRO0476,start,2021-04-06
E00757,CNT159,PRO0476,expansion,2022-07-06
E00758,CNT159,PRO0476,expansion,2023-01-06
E00759,CNT159,PRO0477,start,2017-03-21
E00760,CNT159,PRO0477,expansion,2017-10-21
E00761,CNT159,PRO0477,cancel,2020-03-21
E00762,CNT160,PRO0479,start,2012-09-03
E00763,CNT160,PRO0479,expansion,2013-12-03
E00764,CNT160,PRO0479,cancel,2016-02-03
E00765,CNT161,PRO0482,start,2020-05-12
E00766,CNT161,PRO0482,expansion,2020-08-12
E00767,CNT161,PRO0482,cancel,2021-03-12
E00768,CNT162,PRO0485,start,2019-10-21
E00769,CNT162,PRO0485,expansion,2021-12-21
E00770,CNT163,PRO0488,start,2016-06-08
E00771,CNT163,PRO0488,expansion,2018-04-08
E00772,CNT163,PRO0488,cancel,2020-11-08
E00773,CNT164,PRO0491,start,2013-11-29
E00774,CNT164,PRO0491,expansion,2015-12-29
E00775,CNT164,PRO0491,expansion,2018-01-29
E00776,CNT164,PRO0491,expansion,2020-09-29
E00777,CNT164,PRO0491,expansion,2023-12-13
E00778,CNT164,PRO0492,start,2021-07-25
E00779,CNT164,PRO0492,expansion,2021-10-25
E00780,CNT165,PRO0494,start,2019-03-08
E00781,CNT165,PRO0494,expansion,2021-09-08
E00782,CNT165,PRO0494,cancel,2023-04-08
E00783,CNT165,PRO0495,start,2021-08-27
E00784,CNT165,PRO0495,expansion,2022-04-27
E00785,CNT166,PRO0496,start,2023-11-24
E00786,CNT166,PRO0497,start,2014-09-11
E00787,CNT166,PRO0497,expansion,2015-09-11
E00788,CNT167,PRO0501,start,2022-08-06
E00789,CNT167,PRO0501,expansion,2022-11-06
E00790,CNT168,PRO0504,start,2022-11-20
E00791,CNT168,PRO0504,expansion,2023-10-20
E00792,CNT169,PRO0507,start,2022-09-21
E00793,CNT169,PRO0507,expansion,2023-05-21
E00794,CNT169,PRO0507,expansion,2023-06-21
E00795,CNT169,PRO0507,expansion,2023-10-21
E00796,CNT170,PRO0509,start,2017-03-31
E00797,CNT170,PRO0509,expansion,2019-04-30
E00798,CNT170,PRO0509,cancel,2020-04-30
E00799,CNT171,PRO0513,start,2017-02-11
E00800,CNT171,PRO0513,expansion,2018-05-11
E00801,CNT171,PRO0513,expansion,2020-09-11
E00802,CNT171,PRO0513,cancel,2022-02-11
E00803,CNT172,PRO0514,start,2022-03-24
E00804,CNT172,PRO0515,start,2018-12-25
E00805,CNT172,PRO0515,expansion,2021-04-25
E00806,CNT172,PRO0515,cancel,2023-04-25
E00807,CNT173,PRO0518,start,2012-02-05
E00808,CNT173,PRO0518,expansion,2014-01-05
E00809,CNT173,PRO0518,expansion,2015-03-05
E00810,CNT173,PRO0518,cancel,2016-11-05
E00811,CNT173,PRO0519,start,2013-01-02
E00812,CNT173,PRO0519,expansion,2015-12-02
E00813,CNT173,PRO0519,cancel,2016-03-02
E00814,CNT174,PRO0520,start,2015-09-05
E00815,CNT174,PRO0521,start,2022-05-14
E00816,CNT174,PRO0521,expansion,2022-11-14
E00817,CNT175,PRO0524,start,2020-08-17
E00818,CNT175,PRO0524,expansion,2021-04-17
E00819,CNT175,PRO0524,expansion,2023-03-17
E00820,CNT175,PRO0525,start,2017-03-14
E00821,CNT175,PRO0525,expansion,2019-05-14
E00822,CNT175,PRO0525,expansion,2021-04-14
E00823,CNT176,PRO0526,start,2018-07-10
E00824,CNT176,PRO0527,start,2017-12-17
E00825,CNT176,PRO0527,expansion,2019-03-17
E00826,CNT176,PRO0527,cancel,2021-07-17
E00827,CNT176,PRO0528,start,2014-10-23
E00828,CNT176,PRO0528,expansion,2015-07-23
E00829,CNT176,PRO0528,cancel,2018-04-23
E00830,CNT177,PRO0530,start,2014-09-22
E00831,CNT177,PRO0530,expansion,2015-07-22
E00832,CNT177,PRO0530,expansion,2018-02-22
E00833,CNT177,PRO0530,expansion,2021-01-22
E00834,CNT177,PRO0531,start,2022-12-03
E00835,CNT177,PRO0531,expansion,2023-05-03
E00836,CNT178,PRO0533,start,2013-07-03
E00837,CNT178,PRO0533,expansion,2016-06-03
E00838,CNT178,PRO0533,cancel,2018-03-03
E00839,CNT179,PRO0536,start,2021-01-19
E00840,CNT179,PRO0536,expansion,2021-12-19
E00841,CNT179,PRO0536,cancel,2023-09-19
E00842,CNT179,PRO0537,expansion,2023-02-21
E00843,CNT179,PRO0537,expansion,2023-08-21
E00844,CNT179,PRO0537,start,2023-12-21
E00845,CNT180,PRO0539,start,2020-09-05
E00846,CNT180,PRO0539,expansion,2022-03-05
E00847,CNT180,PRO0539,expansion,2023-02-05
E00848,CNT180,PRO0539,expansion,2023-09-05
E00849,CNT180,PRO0540,start,2019-12-01
E00850,CNT180,PRO0540,expansion,2021-04-01
E00851,CNT181,PRO0542,start,2018-11-18
E00852,CNT181,PRO0542,expansion,2020-08-18
E00853,CNT181,PRO0542,expansion,2022-12-18
E00854,CNT181,PRO0542,expansion,2023-11-18
E00855,CNT182,PRO0546,start,2013-10-09
E00856,CNT182,PRO0546,expansion,2016-09-09
E00857,CNT182,PRO0546,expansion,2018-08-09
E00858,CNT183,PRO0549,start,2021-12-21
E00859,CNT183,PRO0549,expansion,2023-05-21
E00860,CNT184,PRO0551,start,2017-02-09
E00861,CNT184,PRO0551,expansion,2017-06-09
E00862,CNT184,PRO0551,expansion,2020-03-09
E00863,CNT184,PRO0551,cancel,2022-01-09
E00864,CNT185,PRO0555,start,2015-08-28
E00865,CNT185,PRO0555,expansion,2016-03-28
E00866,CNT185,PRO0555,cancel,2016-09-28
E00867,CNT186,PRO0557,start,2013-09-10
E00868,CNT186,PRO0557,expansion,2015-12-10
E00869,CNT186,PRO0558,start,2019-07-23
E00870,CNT186,PRO0558,expansion,2022-05-23
E00871,CNT187,PRO0560,start,2013-02-27
E00872,CNT187,PRO0560,expansion,2014-07-27
E00873,CNT187,PRO0561,expansion,2023-02-23
E00874,CNT187,PRO0561,expansion,2023-08-23
E00875,CNT187,PRO0561,start,2023-12-28
E00876,CNT188,PRO0564,start,2020-08-22
E00877,CNT188,PRO0564,expansion,2022-09-22
E00878,CNT188,PRO0564,cancel,2022-12-22
E00879,CNT189,PRO0565,start,2020-06-04
E00880,CNT189,PRO0566,start,2023-03-29
E00881,CNT189,PRO0566,expansion,2023-09-23
E00882,CNT189,PRO0567,start,2016-10-28
E00883,CNT189,PRO0567,expansion,2019-08-28
E00884,CNT189,PRO0567,cancel,2020-06-28
E00885,CNT190,PRO0570,start,2017-11-12
E00886,CNT190,PRO0570,expansion,2019-09-12
E00887,CNT190,PRO0570,expansion,2021-03-12
E00888,CNT190,PRO0570,cancel,2021-10-12
E00889,CNT191,PRO0573,start,2018-11-23
E00890,CNT191,PRO0573,expansion,2021-04-23
E00891,CNT191,PRO0573,expansion,2022-03-23
E00892,CNT191,PRO0573,cancel,2023-05-23
E00893,CNT192,PRO0575,start,2022-12-30
E00894,CNT192,PRO0575,expansion,2023-09-30
E00895,CNT192,PRO0575,expansion,2023-12-23
E00896,CNT192,PRO0576,start,2019-03-03
E00897,CNT192,PRO0576,expansion,2021-03-03
E00898,CNT193,PRO0579,start,2020-03-07
E00899,CNT193,PRO0579,expansion,2022-08-07
E00900,CNT193,PRO0579,expansion,2023-02-07
E00901,CNT194,PRO0581,start,2016-09-09
E00902,CNT194,PRO0581,expansion,2018-01-09
E00903,CNT194,PRO0581,cancel,2018-06-09
E00904,CNT194,PRO0582,start,2017-05-04
E00905,CNT194,PRO0582,expansion,2019-01-04
E00906,CNT195,PRO0584,start,2023-05-07
E00907,CNT195,PRO0584,expansion,2023-05-07
E00908,CNT195,PRO0584,expansion,2023-11-07
E00909,CNT196,PRO0586,start,2016-10-30
E00910,CNT196,PRO0587,start,2023-09-13
E00912,CNT196,PRO0588,start,2019-10-31
E00915,CNT197,PRO0589,start,2013-11-13
E00916,CNT197,PRO0590,start,2021-03-18
E00918,CNT197,PRO0590,cancel,2023-12-18
E00919,CNT198,PRO0592,start,2022-11-13
E00920,CNT198,PRO0593,start,2021-07-19
E00923,CNT198,PRO0594,start,2016-02-25
E00925,CNT198,PRO0594,cancel,2019-11-25
E00926,CNT199,PRO0595,start,2021-03-19
E00927,CNT199,PRO0596,start,2015-02-17
E00932,CNT200,PRO0599,start,2016-11-10
E00935,CNT200,PRO0599,cancel,2023-10-10
E00936,CNT200,PRO0600,start,2018-03-16
E00937,CNT200,PRO0600,expansion,2018-08-16
E00938,CNT200,PRO0600,expansion,2018-11-16
E00939,CNT200,PRO0600,expansion,2021-01-16
E00940,CNT201,PRO0603,start,2023-01-20
E00941,CNT201,PRO0603,expansion,2023-06-20
E00942,CNT202,PRO0604,start,2012-04-22
E00943,CNT202,PRO0605,start,2023-08-13
E00944,CNT202,PRO0605,expansion,2023-11-13
E00945,CNT203,PRO0609,start,2021-04-13
E00946,CNT203,PRO0609,expansion,2022-02-13
E00947,CNT203,PRO0609,cancel,2022-06-13
E00948,CNT204,PRO0611,start,2016-05-22
E00949,CNT204,PRO0611,expansion,2016-12-22
E00950,CNT204,PRO0611,expansion,2018-03-22
E00951,CNT204,PRO0611,cancel,2021-02-22
E00952,CNT205,PRO0614,start,2018-05-06
E00953,CNT205,PRO0614,expansion,2019-09-06
E00954,CNT205,PRO0614,cancel,2021-02-06
E00955,CNT206,PRO0617,start,2017-02-02
E00956,CNT206,PRO0617,expansion,2018-03-02
E00957,CNT206,PRO0617,cancel,2020-09-02
E00958,CNT206,PRO0618,start,2018-05-13
E00959,CNT206,PRO0618,expansion,2019-08-13
E00960,CNT207,PRO0619,start,2012-01-13
E00961,CNT207,PRO0620,start,2017-02-11
E00962,CNT207,PRO0620,expansion,2019-07-11
E00963,CNT207,PRO0620,expansion,2019-10-11
E00964,CNT207,PRO0621,start,2019-10-26
E00965,CNT207,PRO0621,expansion,2021-04-26
E00966,CNT207,PRO0621,expansion,2023-07-26
E00967,CNT208,PRO0623,start,2015-10-11
E00968,CNT208,PRO0623,expansion,2016-01-11
E00969,CNT208,PRO0623,expansion,2017-07-11
E00970,CNT208,PRO0623,cancel,2018-05-11
E00971,CNT208,PRO0624,start,2015-05-21
E00972,CNT208,PRO0624,expansion,2016-02-21
E00973,CNT208,PRO0624,expansion,2017-03-21
E00974,CNT208,PRO0624,cancel,2017-10-21
E00975,CNT209,PRO0626,start,2021-09-18
E00976,CNT209,PRO0626,expansion,2023-10-18
E00977,CNT209,PRO0626,expansion,2023-12-18
E00978,CNT210,PRO0629,start,2022-03-13
E00979,CNT210,PRO0629,expansion,2023-07-13
E00980,CNT210,PRO0629,expansion,2023-08-13
E00981,CNT210,PRO0629,expansion,2023-12-13
E00982,CNT211,PRO0631,start,2016-07-22
E00983,CNT211,PRO0632,start,2016-05-13
E00984,CNT211,PRO0632,expansion,2018-10-13
E00985,CNT211,PRO0632,expansion,2019-11-13
E00986,CNT211,PRO0632,cancel,2021-07-13
E00987,CNT212,PRO0635,start,2021-11-18
E00988,CNT212,PRO0635,expansion,2023-06-18
E00989,CNT212,PRO0636,start,2012-05-15
E00990,CNT212,PRO0636,expansion,2012-09-15
E00991,CNT212,PRO0636,cancel,2015-05-15
E00992,CNT213,PRO0637,start,2019-11-12
E00993,CNT213,PRO0638,start,2012-12-13
E00994,CNT213,PRO0638,expansion,2013-03-13
E00995,CNT213,PRO0638,cancel,2014-03-13
E00996,CNT213,PRO0639,start,2014-04-15
E00997,CNT213,PRO0639,expansion,2015-04-15
E00998,CNT213,PRO0639,expansion,2017-02-15
E00999,CNT213,PRO0639,cancel,2019-11-15
E01000,CNT214,PRO0641,start,2021-03-31
E01001,CNT214,PRO0641,expansion,2022-04-30
E01002,CNT214,PRO0641,expansion,2023-07-23
E01003,CNT214,PRO0642,start,2015-12-04
E01004,CNT214,PRO0642,expansion,2017-02-04
E01005,CNT214,PRO0642,expansion,2018-03-04
E01006,CNT214,PRO0642,expansion,2020-06-04
E01007,CNT215,PRO0644,start,2015-08-31
E01008,CNT215,PRO0644,expansion,2017-10-31
E01009,CNT215,PRO0644,cancel,2019-08-31
E01010,CNT215,PRO0645,start,2020-07-23
E01011,CNT215,PRO0645,expansion,2021-10-23
E01012,CNT215,PRO0645,expansion,2022-04-23
E01013,CNT215,PRO0645,cancel,2022-08-23
E01014,CNT216,PRO0646,start,2015-07-30
E01015,CNT216,PRO0647,start,2013-12-10
E01016,CNT216,PRO0647,expansion,2016-01-10
E01017,CNT216,PRO0647,expansion,2017-08-10
E01018,CNT216,PRO0647,expansion,2019-01-10
E01019,CNT216,PRO0648,start,2015-04-20
E01020,CNT216,PRO0648,expansion,2017-07-20
E01021,CNT216,PRO0648,expansion,2019-02-20
E01022,CNT217,PRO0650,start,2019-08-18
E01023,CNT217,PRO0650,expansion,2020-12-18
E01024,CNT217,PRO0650,expansion,2022-11-18
E01025,CNT217,PRO0650,expansion,2023-04-18
E01026,CNT217,PRO0651,start,2019-08-17
E01027,CNT217,PRO0651,expansion,2022-07-17
E01028,CNT217,PRO0651,expansion,2023-12-17
E01029,CNT218,PRO0653,start,2014-04-07
E01030,CNT218,PRO0653,expansion,2017-02-07
E01031,CNT218,PRO0653,expansion,2018-01-07
E01032,CNT219,PRO0657,start,2019-05-01
E01033,CNT219,PRO0657,expansion,2021-11-01
E01034,CNT220,PRO0658,start,2013-01-22
E01035,CNT220,PRO0659,start,2015-11-04
E01036,CNT220,PRO0659,expansion,2017-06-04
E01037,CNT220,PRO0659,cancel,2018-02-04
E01038,CNT221,PRO0662,start,2016-09-21
E01039,CNT221,PRO0662,expansion,2019-07-21
E01040,CNT221,PRO0662,expansion,2021-11-21
E01041,CNT221,PRO0663,start,2021-02-11
E01042,CNT221,PRO0663,expansion,2021-12-11
E01043,CNT222,PRO0664,start,2013-04-13
E01044,CNT222,PRO0665,start,2020-10-03
E01045,CNT222,PRO0665,expansion,2021-03-03
E01046,CNT222,PRO0665,cancel,2023-05-03
E01047,CNT222,PRO0666,start,2017-05-09
E01048,CNT222,PRO0666,expansion,2018-12-09
E01049,CNT223,PRO0667,start,2023-02-12
E01050,CNT223,PRO0668,expansion,2023-01-05
E01051,CNT223,PRO0668,start,2023-03-05
E01052,CNT223,PRO0668,expansion,2023-10-05
E01053,CNT223,PRO0669,start,2019-09-26
E01054,CNT223,PRO0669,expansion,2019-12-26
E01055,CNT223,PRO0669,cancel,2021-09-26
E01056,CNT224,PRO0672,start,2019-05-05
E01057,CNT224,PRO0672,expansion,2019-09-05
E01058,CNT224,PRO0672,expansion,2021-03-05
E01059,CNT224,PRO0672,cancel,2023-01-05
E01060,CNT225,PRO0675,start,2014-03-20
E01061,CNT225,PRO0675,expansion,2014-06-20
E01062,CNT225,PRO0675,cancel,2014-10-20
E01063,CNT226,PRO0677,start,2019-08-06
E01064,CNT226,PRO0677,expansion,2021-03-06
E01065,CNT226,PRO0677,expansion,2022-09-06
E01066,CNT226,PRO0677,cancel,2023-08-06
E01067,CNT226,PRO0678,start,2019-01-20
E01068,CNT226,PRO0678,expansion,2019-10-20
E01069,CNT227,PRO0680,start,2020-03-16
E01070,CNT227,PRO0680,expansion,2022-12-16
E01071,CNT227,PRO0680,expansion,2023-10-16
E01072,CNT227,PRO0681,start,2015-01-28
E01073,CNT227,PRO0681,expansion,2017-07-28
E01074,CNT227,PRO0681,cancel,2020-06-28
E01075,CNT228,PRO0683,start,2017-07-12
E01076,CNT228,PRO0683,expansion,2020-05-12
E01077,CNT228,PRO0683,expansion,2021-05-12
E01078,CNT229,PRO0685,start,2019-12-01
E01079,CNT229,PRO0686,start,2020-01-19
E01080,CNT229,PRO0686,expansion,2022-02-19
E01081,CNT229,PRO0686,expansion,2023-11-19
E01082,CNT229,PRO0687,start,2017-03-27
E01083,CNT229,PRO0687,expansion,2018-11-27
E01084,CNT229,PRO0687,cancel,2019-07-27
E01085,CNT230,PRO0690,start,2014-01-04
E01086,CNT230,PRO0690,expansion,2015-03-04
E01087,CNT231,PRO0691,start,2015-12-07
E01088,CNT231,PRO0692,start,2012-03-08
E01089,CNT231,PRO0692,expansion,2014-10-08
E01090,CNT231,PRO0692,cancel,2015-07-08
E01091,CNT231,PRO0693,start,2019-07-21
E01092,CNT231,PRO0693,expansion,2020-02-21
E01093,CNT231,PRO0693,expansion,2020-10-21
E01094,CNT231,PRO0693,expansion,2022-11-21
E01095,CNT232,PRO0696,start,2015-10-05
E01096,CNT232,PRO0696,expansion,2017-11-05
E01097,CNT232,PRO0696,expansion,2018-06-05
E01098,CNT232,PRO0696,cancel,2019-10-05
E01099,CNT233,PRO0698,start,2014-06-15
E01100,CNT233,PRO0698,expansion,2016-07-15
E01101,CNT233,PRO0698,expansion,2018-04-15
E01102,CNT233,PRO0698,cancel,2019-12-15
E01103,CNT234,PRO0700,start,2017-09-24
E01104,CNT234,PRO0701,start,2020-12-12
E01105,CNT234,PRO0701,expansion,2023-02-12
E01106,CNT234,PRO0701,expansion,2023-11-12
E01107,CNT235,PRO0704,start,2021-02-10
E01108,CNT235,PRO0704,expansion,2022-03-10
E01109,CNT235,PRO0704,expansion,2022-11-10
E01110,CNT235,PRO0704,expansion,2023-07-10
E01111,CNT235,PRO0704,expansion,2023-12-05
E01112,CNT235,PRO0705,start,2018-07-24
E01113,CNT235,PRO0705,expansion,2019-05-24
E01114,CNT235,PRO0705,expansion,2020-04-24
E01115,CNT235,PRO0705,cancel,2021-12-24
E01116,CNT236,PRO0706,start,2022-01-05
E01117,CNT236,PRO0707,start,2019-09-11
E01118,CNT236,PRO0707,expansion,2020-06-11
E01119,CNT236,PRO0707,expansion,2021-08-11
E01120,CNT237,PRO0711,expansion,2023-02-17
E01121,CNT237,PRO0711,expansion,2023-09-17
E01122,CNT237,PRO0711,start,2023-11-17
E01123,CNT238,PRO0713,start,2017-04-19
E01124,CNT238,PRO0713,expansion,2020-03-19
E01125,CNT238,PRO0713,expansion,2023-01-19
E01126,CNT238,PRO0713,cancel,2023-04-19
E01127,CNT238,PRO0714,start,2017-06-07
E01128,CNT238,PRO0714,expansion,2017-11-07
E01129,CNT238,PRO0714,cancel,2018-02-07
E01130,CNT239,PRO0717,expansion,2023-06-06
E01131,CNT239,PRO0717,expansion,2023-09-06
E01132,CNT239,PRO0717,start,2023-12-06
E01133,CNT239,PRO0717,expansion,2023-12-06
E01134,CNT240,PRO0719,start,2012-08-13
E01135,CNT240,PRO0719,expansion,2013-01-13
E01136,CNT240,PRO0719,cancel,2014-08-13
E01137,CNT240,PRO0720,start,2020-02-22
E01138,CNT240,PRO0720,expansion,2020-07-22
E01139,CNT240,PRO0720,expansion,2022-01-22
E01140,CNT240,PRO0720,cancel,2022-08-22
E01141,CNT241,PRO0722,start,2016-03-11
E01142,CNT241,PRO0722,expansion,2016-11-11
E01143,CNT241,PRO0722,cancel,2019-07-11
E01144,CNT242,PRO0726,start,2012-04-08
E01145,CNT242,PRO0726,expansion,2012-09-08
E01146,CNT242,PRO0726,expansion,2014-07-08
E01147,CNT242,PRO0726,cancel,2016-03-08
E01148,CNT243,PRO0727,start,2018-03-19
E01149,CNT243,PRO0728,start,2021-12-13
E01150,CNT243,PRO0728,expansion,2022-03-13
E01151,CNT244,PRO0732,start,2014-08-04
E01152,CNT244,PRO0732,expansion,2015-03-04
E01153,CNT244,PRO0732,expansion,2016-02-04
E01154,CNT244,PRO0732,cancel,2018-05-04
E01155,CNT245,PRO0734,start,2015-01-04
E01156,CNT245,PRO0734,expansion,2017-01-04
E01157,CNT245,PRO0734,expansion,2018-02-04
E01158,CNT245,PRO0734,cancel,2019-01-04
E01159,CNT246,PRO0738,start,2013-12-10
E01160,CNT246,PRO0738,expansion,2016-01-10
E01161,CNT247,PRO0741,start,2020-01-21
E01162,CNT247,PRO0741,expansion,2021-09-21
E01163,CNT247,PRO0741,cancel,2023-04-21
E01164,CNT248,PRO0742,start,2017-01-25
E01165,CNT248,PRO0743,start,2016-02-24
E01166,CNT248,PRO0743,expansion,2018-02-24
E01167,CNT248,PRO0743,expansion,2021-01-24
E01168,CNT248,PRO0743,cancel,2022-03-24
E01169,CNT248,PRO0744,start,2016-02-11
E01170,CNT248,PRO0744,expansion,2016-07-11
E01171,CNT249,PRO0745,start,2014-07-04
E01172,CNT249,PRO0746,start,2018-08-06
E01173,CNT249,PRO0746,expansion,2019-08-06
E01174,CNT249,PRO0746,cancel,2022-06-06
E01175,CNT249,PRO0747,start,2014-04-25
E01176,CNT249,PRO0747,expansion,2015-08-25
E01177,CNT249,PRO0747,expansion,2017-04-25
E01178,CNT250,PRO0749,start,2014-11-30
E01179,CNT250,PRO0749,expansion,2016-11-30
E01180,CNT250,PRO0749,expansion,2019-01-30
E01181,CNT250,PRO0749,cancel,2020-05-30
E01182,CNT250,PRO0750,start,2015-01-14
E01183,CNT250,PRO0750,expansion,2017-07-14
E01184,CNT250,PRO0750,expansion,2019-10-14
E01185,CNT250,PRO0750,cancel,2021-10-14
E01186,CNT251,PRO0751,start,2012-04-26
E01187,CNT251,PRO0752,start,2017-01-19
E01188,CNT251,PRO0752,expansion,2019-06-19
E01189,CNT251,PRO0752,expansion,2022-02-19
E01191,CNT252,PRO0755,start,2013-07-18
E01193,CNT253,PRO0757,start,2017-05-07
E01194,CNT253,PRO0758,start,2018-09-30
E01196,CNT253,PRO0759,start,2015-04-20
E01199,CNT253,PRO0759,cancel,2019-07-20
E01200,CNT254,PRO0762,start,2017-09-07
E01203,CNT255,PRO0763,start,2023-03-05
E01204,CNT255,PRO0764,start,2017-05-21
E01207,CNT256,PRO0766,start,2022-01-03
E01208,CNT256,PRO0767,start,2017-07-17
E01210,CNT256,PRO0767,expansion,2019-07-17
E01211,CNT256,PRO0768,start,2015-08-27
E01212,CNT256,PRO0768,expansion,2017-07-27
E01213,CNT256,PRO0768,cancel,2019-09-27
E01214,CNT257,PRO0770,start,2018-05-23
E01215,CNT257,PRO0770,expansion,2019-07-23
E01216,CNT257,PRO0770,expansion,2019-12-23
E01217,CNT257,PRO0770,cancel,2021-10-23
E01218,CNT258,PRO0772,start,2013-04-01
E01219,CNT258,PRO0773,start,2013-01-22
E01220,CNT258,PRO0773,expansion,2015-03-22
E01221,CNT258,PRO0773,cancel,2016-06-22
E01222,CNT258,PRO0774,start,2015-08-12
E01223,CNT258,PRO0774,expansion,2016-12-12
E01224,CNT259,PRO0776,expansion,2023-01-08
E01225,CNT259,PRO0776,start,2023-03-08
E01226,CNT259,PRO0777,start,2015-10-22
E01227,CNT259,PRO0777,expansion,2018-02-22
E01228,CNT259,PRO0777,cancel,2018-09-22
E01229,CNT260,PRO0779,start,2019-01-15
E01230,CNT260,PRO0779,expansion,2021-09-15
E01231,CNT260,PRO0779,cancel,2022-03-15
E01232,CNT261,PRO0782,start,2014-01-20
E01233,CNT261,PRO0782,expansion,2014-11-20
E01234,CNT261,PRO0782,cancel,2017-04-20
E01235,CNT262,PRO0786,expansion,2023-09-09
E01236,CNT262,PRO0786,start,2023-11-09
E01237,CNT263,PRO0787,start,2023-05-07
E01238,CNT263,PRO0788,start,2017-11-03
E01239,CNT263,PRO0788,expansion,2020-01-03
E01240,CNT263,PRO0788,expansion,2022-11-03
E01241,CNT263,PRO0789,start,2017-05-29
E01242,CNT263,PRO0789,expansion,2018-04-29
E01243,CNT263,PRO0789,cancel,2020-12-29
E01244,CNT264,PRO0790,start,2022-04-22
E01245,CNT264,PRO0791,start,2012-04-23
E01246,CNT264,PRO0791,expansion,2014-11-23
E01247,CNT264,PRO0791,cancel,2016-11-23
E01248,CNT265,PRO0795,start,2022-11-30
E01249,CNT265,PRO0795,expansion,2023-09-23
E01250,CNT265,PRO0795,expansion,2023-09-23
E01251,CNT265,PRO0795,expansion,2023-10-23
E01252,CNT266,PRO0796,start,2015-10-27
E01253,CNT266,PRO0797,start,2012-02-16
E01254,CNT266,PRO0797,expansion,2013-05-16
E01255,CNT266,PRO0797,expansion,2014-04-16
E01256,CNT267,PRO0800,start,2022-07-29
E01257,CNT267,PRO0800,expansion,2023-06-23
E01258,CNT267,PRO0801,start,2018-10-14
E01259,CNT267,PRO0801,expansion,2020-02-14
E01260,CNT267,PRO0801,cancel,2022-11-14
E01261,CNT268,PRO0803,start,2013-06-19
E01262,CNT268,PRO0803,expansion,2015-01-19
E01263,CNT268,PRO0803,cancel,2015-11-19
E01264,CNT269,PRO0805,start,2016-09-07
E01265,CNT269,PRO0806,start,2015-07-30
E01266,CNT269,PRO0806,expansion,2017-02-28
E01267,CNT269,PRO0806,expansion,2019-10-28
E01268,CNT269,PRO0806,cancel,2020-09-28
E01269,CNT269,PRO0807,start,2020-04-26
E01270,CNT269,PRO0807,expansion,2022-03-26
E01271,CNT270,PRO0809,start,2012-07-29
E01272,CNT270,PRO0809,expansion,2013-08-29
E01273,CNT270,PRO0809,cancel,2015-09-29
E01274,CNT271,PRO0812,start,2020-10-15
E01275,CNT271,PRO0812,expansion,2023-01-15
E01276,CNT271,PRO0813,start,2022-03-08
E01277,CNT271,PRO0813,expansion,2023-06-08
E01278,CNT271,PRO0813,expansion,2023-10-08
E01279,CNT272,PRO0815,start,2020-11-13
E01280,CNT272,PRO0815,expansion,2022-06-13
E01281,CNT272,PRO0815,expansion,2023-09-13
E01282,CNT273,PRO0817,start,2018-03-29
E01283,CNT273,PRO0818,start,2017-01-16
E01284,CNT273,PRO0818,expansion,2018-08-16
E01285,CNT273,PRO0818,expansion,2020-03-16
E01286,CNT273,PRO0819,start,2017-02-09
E01287,CNT273,PRO0819,expansion,2018-07-09
E01288,CNT273,PRO0819,cancel,2020-08-09
E01289,CNT274,PRO0820,start,2023-03-06
E01290,CNT274,PRO0821,start,2014-10-08
E01291,CNT274,PRO0821,expansion,2017-03-08
E01292,CNT274,PRO0821,expansion,2019-04-08
E01293,CNT274,PRO0821,cancel,2020-07-08
E01294,CNT274,PRO0822,start,2019-09-21
E01295,CNT274,PRO0822,expansion,2019-12-21
E01296,CNT275,PRO0823,start,2015-08-19
E01297,CNT275,PRO0824,start,2018-06-01
E01298,CNT275,PRO0824,expansion,2019-08-01
E01299,CNT275,PRO0824,expansion,2021-06-01
E01300,CNT275,PRO0825,start,2019-06-07
E01301,CNT275,PRO0825,expansion,2021-06-07
E01302,CNT275,PRO0825,cancel,2023-10-07
E01303,CNT276,PRO0827,start,2015-04-30
E01304,CNT276,PRO0827,expansion,2015-09-30
E01305,CNT276,PRO0827,cancel,2017-05-30
E01306,CNT277,PRO0829,start,2012-11-16
E01307,CNT277,PRO0830,start,2018-02-19
E01308,CNT277,PRO0830,expansion,2020-06-19
E01309,CNT277,PRO0830,cancel,2020-09-19
E01310,CNT277,PRO0831,start,2018-11-10
E01311,CNT277,PRO0831,expansion,2020-01-10
E01312,CNT277,PRO0831,expansion,2021-08-10
E01313,CNT277,PRO0831,cancel,2022-09-10
E01314,CNT278,PRO0834,start,2021-02-19
E01315,CNT278,PRO0834,expansion,2023-03-19
E01316,CNT278,PRO0834,expansion,2023-08-19
E01317,CNT279,PRO0835,start,2013-08-10
E01318,CNT279,PRO0836,start,2017-10-17
E01319,CNT279,PRO0836,expansion,2019-01-17
E01320,CNT279,PRO0836,expansion,2020-05-17
E01321,CNT279,PRO0836,cancel,2022-09-17
E01322,CNT280,PRO0840,start,2016-04-20
E01323,CNT280,PRO0840,expansion,2018-07-20
E01324,CNT280,PRO0840,cancel,2019-08-20
E01325,CNT281,PRO0841,start,2017-05-05
E01326,CNT281,PRO0842,start,2023-08-21
E01327,CNT281,PRO0842,expansion,2023-12-21
E01328,CNT282,PRO0846,start,2014-06-29
E01329,CNT282,PRO0846,expansion,2016-07-29
E01330,CNT282,PRO0846,cancel,2017-04-29
E01331,CNT283,PRO0849,start,2017-10-25
E01332,CNT283,PRO0849,expansion,2020-05-25
E01333,CNT283,PRO0849,cancel,2022-11-25
E01334,CNT284,PRO0851,start,2019-06-20
E01335,CNT284,PRO0851,expansion,2020-04-20
E01336,CNT284,PRO0851,expansion,2022-06-20
E01337,CNT284,PRO0852,start,2017-08-26
E01338,CNT284,PRO0852,expansion,2018-11-26
E01339,CNT285,PRO0854,start,2014-12-10
E01340,CNT285,PRO0854,expansion,2016-11-10
E01341,CNT285,PRO0854,expansion,2018-04-10
E01342,CNT286,PRO0857,start,2012-10-12
E01343,CNT286,PRO0857,expansion,2014-02-12
E01344,CNT286,PRO0858,start,2013-07-31
E01346,CNT286,PRO0858,cancel,2015-09-30
E01347,CNT287,PRO0861,start,2014-07-11
E01350,CNT287,PRO0861,cancel,2019-04-11
E01351,CNT288,PRO0863,start,2017-09-15
E01354,CNT288,PRO0863,cancel,2020-01-15
E01355,CNT289,PRO0865,start,2012-06-06
E01356,CNT289,PRO0866,start,2021-08-17
E01358,CNT290,PRO0868,start,2015-05-13
E01360,CNT290,PRO0869,start,2023-09-30
E01361,CNT290,PRO0870,start,2013-03-19
E01365,CNT291,PRO0871,start,2020-09-22
E01366,CNT291,PRO0872,start,2014-12-27
E01368,CNT291,PRO0872,expansion,2017-07-27
E01369,CNT291,PRO0872,cancel,2019-07-27
E01370,CNT292,PRO0876,start,2018-09-19
E01371,CNT292,PRO0876,expansion,2020-11-19
E01372,CNT292,PRO0876,cancel,2022-10-19
E01373,CNT293,PRO0878,start,2013-01-19
E01374,CNT293,PRO0878,expansion,2014-07-19
E01375,CNT293,PRO0879,start,2019-06-17
E01376,CNT293,PRO0879,expansion,2020-09-17
E01377,CNT293,PRO0879,cancel,2023-06-17
E01378,CNT294,PRO0880,start,2012-10-03
E01379,CNT294,PRO0881,start,2022-10-04
E01380,CNT294,PRO0881,expansion,2023-01-04
E01381,CNT294,PRO0882,start,2020-04-13
E01382,CNT294,PRO0882,expansion,2023-02-13
E01383,CNT295,PRO0884,start,2013-06-13
E01384,CNT295,PRO0884,expansion,2015-11-13
E01385,CNT295,PRO0884,cancel,2018-09-13
E01386,CNT295,PRO0885,start,2022-01-27
E01387,CNT295,PRO0885,expansion,2023-10-23
E01388,CNT295,PRO0885,expansion,2023-11-23
E01389,CNT296,PRO0887,start,2019-03-17
E01390,CNT296,PRO0887,expansion,2021-05-17
E01391,CNT297,PRO0891,start,2022-12-22
E01392,CNT297,PRO0891,expansion,2023-04-22
E01393,CNT297,PRO0891,expansion,2023-10-22
E01394,CNT298,PRO0893,start,2020-09-12
E01395,CNT298,PRO0893,expansion,2021-03-12
E01396,CNT298,PRO0893,cancel,2023-01-12
E01397,CNT299,PRO0897,start,2021-01-10
E01398,CNT299,PRO0897,expansion,2023-08-10
E01399,CNT300,PRO0899,start,2021-07-11
E01400,CNT300,PRO0899,expansion,2023-01-11
E01401,CNT300,PRO0899,expansion,2023-06-11
E01402,CNT300,PRO0900,start,2022-08-02
E01403,CNT300,PRO0900,expansion,2023-02-02
E01404,CNT301,PRO0902,start,2013-05-14
E01405,CNT301,PRO0902,expansion,2014-03-14
E01406,CNT301,PRO0902,cancel,2015-08-14
E01407,CNT302,PRO0904,start,2015-11-03
E01408,CNT302,PRO0905,start,2013-11-06
E01409,CNT302,PRO0905,expansion,2016-06-06
E01410,CNT302,PRO0905,expansion,2018-01-06
E01411,CNT303,PRO0908,start,2014-11-14
E01412,CNT303,PRO0908,expansion,2016-06-14
E01413,CNT304,PRO0912,start,2022-06-11
E01414,CNT304,PRO0912,expansion,2023-08-11
E01415,CNT304,PRO0912,expansion,2023-11-11
E01416,CNT305,PRO0915,start,2021-01-08
E01417,CNT305,PRO0915,expansion,2022-03-08
E01418,CNT305,PRO0915,expansion,2023-10-08
E01419,CNT306,PRO0918,start,2021-08-27
E01420,CNT306,PRO0918,expansion,2023-11-27
E01421,CNT307,PRO0920,start,2021-03-09
E01422,CNT307,PRO0920,expansion,2023-01-09
E01423,CNT307,PRO0921,start,2016-03-29
E01424,CNT307,PRO0921,expansion,2017-10-29
E01425,CNT307,PRO0921,expansion,2019-12-29
E01426,CNT307,PRO0921,cancel,2022-07-29
E01427,CNT308,PRO0923,start,2012-07-19
E01428,CNT308,PRO0923,expansion,2014-11-19
E01429,CNT308,PRO0923,expansion,2017-06-19
E01430,CNT308,PRO0923,cancel,2019-05-19
E01431,CNT309,PRO0926,start,2013-04-10
E01432,CNT309,PRO0926,expansion,2013-11-10
E01433,CNT309,PRO0926,cancel,2016-09-10
E01434,CNT309,PRO0927,start,2020-02-06
E01435,CNT309,PRO0927,expansion,2020-12-06
E01436,CNT309,PRO0927,cancel,2021-10-06
E01437,CNT310,PRO0929,start,2012-04-25
E01438,CNT310,PRO0929,expansion,2015-01-25
E01439,CNT310,PRO0929,expansion,2016-12-25
E01440,CNT310,PRO0929,cancel,2018-01-25
E01441,CNT310,PRO0930,start,2018-02-19
E01442,CNT310,PRO0930,expansion,2019-04-19
E01443,CNT310,PRO0930,expansion,2021-02-19
E01444,CNT310,PRO0930,cancel,2021-06-19
E01445,CNT311,PRO0932,start,2014-07-25
E01446,CNT311,PRO0932,expansion,2015-04-25
E01447,CNT311,PRO0932,expansion,2017-10-25
E01448,CNT311,PRO0932,cancel,2018-07-25
E01449,CNT311,PRO0933,start,2016-10-28
E01450,CNT311,PRO0933,expansion,2017-03-28
E01451,CNT311,PRO0933,expansion,2019-05-28
E01452,CNT311,PRO0933,cancel,2021-05-28
E01453,CNT312,PRO0935,start,2014-10-21
E01454,CNT312,PRO0935,expansion,2016-01-21
E01455,CNT313,PRO0938,start,2013-01-26
E01456,CNT313,PRO0938,expansion,2013-06-26
E01457,CNT314,PRO0942,start,2016-09-05
E01458,CNT314,PRO0942,expansion,2017-12-05
E01459,CNT314,PRO0942,expansion,2018-12-05
E01460,CNT314,PRO0942,cancel,2020-05-05
E01461,CNT315,PRO0945,start,2013-08-01
E01462,CNT315,PRO0945,expansion,2015-05-01
E01463,CNT316,PRO0946,start,2023-03-19
E01464,CNT316,PRO0947,start,2022-12-12
E01465,CNT316,PRO0947,expansion,2023-03-12
E01466,CNT316,PRO0947,expansion,2023-04-12
E01467,CNT316,PRO0948,start,2015-03-10
E01468,CNT316,PRO0948,expansion,2016-06-10
E01469,CNT316,PRO0948,cancel,2017-05-10
E01470,CNT317,PRO0950,start,2017-08-04
E01471,CNT317,PRO0950,expansion,2019-08-04
E01472,CNT317,PRO0950,cancel,2020-04-04
E01473,CNT317,PRO0951,start,2021-12-24
E01474,CNT317,PRO0951,expansion,2023-03-23
E01475,CNT317,PRO0951,expansion,2023-04-24
E01476,CNT317,PRO0951,expansion,2023-07-24
E01477,CNT318,PRO0953,start,2019-09-17
E01478,CNT318,PRO0953,expansion,2020-12-17
E01479,CNT318,PRO0953,expansion,2022-09-17
E01480,CNT319,PRO0956,start,2016-09-28
E01481,CNT319,PRO0956,expansion,2018-08-28
E01482,CNT319,PRO0956,expansion,2021-05-28
E01483,CNT319,PRO0956,cancel,2023-04-28
E01484,CNT320,PRO0960,start,2020-02-14
E01485,CNT320,PRO0960,expansion,2022-11-14
E01486,CNT321,PRO0961,start,2021-06-03
E01487,CNT321,PRO0962,start,2022-04-05
E01488,CNT321,PRO0962,expansion,2023-02-05
E01489,CNT321,PRO0963,start,2017-02-23
E01490,CNT321,PRO0963,expansion,2018-08-23
E01491,CNT321,PRO0963,cancel,2018-12-23
E01492,CNT322,PRO0966,start,2019-12-08
E01493,CNT322,PRO0966,expansion,2022-07-08
E01494,CNT322,PRO0966,expansion,2023-03-08
E01495,CNT323,PRO0968,start,2014-11-20
E01496,CNT323,PRO0968,expansion,2016-06-20
E01497,CNT324,PRO0972,start,2015-11-13
E01498,CNT324,PRO0972,expansion,2017-08-13
E01499,CNT324,PRO0972,expansion,2020-01-13
E01500,CNT324,PRO0972,cancel,2020-04-13
E01501,CNT325,PRO0973,start,2023-06-17
E01502,CNT325,PRO0974,start,2020-07-12
E01503,CNT325,PRO0974,expansion,2022-10-12
E01504,CNT325,PRO0974,expansion,2023-09-12
E01505,CNT325,PRO0975,start,2016-02-14
E01506,CNT325,PRO0975,expansion,2017-01-14
E01507,CNT325,PRO0975,cancel,2018-07-14
E01508,CNT326,PRO0976,start,2012-03-03
E01509,CNT326,PRO0977,start,2018-10-06
E01510,CNT326,PRO0977,expansion,2020-07-06
E01511,CNT326,PRO0977,expansion,2021-10-06
E01512,CNT326,PRO0978,start,2020-02-27
E01513,CNT326,PRO0978,expansion,2021-10-27
E01514,CNT326,PRO0978,cancel,2022-04-27
E01515,CNT327,PRO0981,start,2018-08-05
E01516,CNT327,PRO0981,expansion,2021-01-05
E01517,CNT327,PRO0981,cancel,2023-09-05
E01518,CNT328,PRO0983,start,2019-11-16
E01519,CNT328,PRO0983,expansion,2021-09-16
E01520,CNT329,PRO0986,start,2018-10-07
E01521,CNT329,PRO0986,expansion,2020-03-07
E01522,CNT329,PRO0986,cancel,2022-04-07
E01523,CNT330,PRO0989,start,2021-07-29
E01524,CNT330,PRO0989,expansion,2022-08-29
E01525,CNT330,PRO0989,expansion,2023-04-23
E01526,CNT330,PRO0990,start,2018-02-27
E01527,CNT330,PRO0990,expansion,2018-09-27
E01528,CNT330,PRO0990,expansion,2020-03-27
E01529,CNT330,PRO0990,cancel,2022-07-27
E01530,CNT331,PRO0992,start,2013-12-04
E01531,CNT331,PRO0992,expansion,2016-04-04
E01532,CNT332,PRO0995,start,2016-08-16
E01533,CNT332,PRO0995,expansion,2017-07-16
E01534,CNT332,PRO0995,expansion,2019-02-16
E01535,CNT332,PRO0995,cancel,2019-07-16
E01536,CNT332,PRO0996,start,2014-02-26
E01537,CNT332,PRO0996,expansion,2016-05-26
E01538,CNT332,PRO0996,expansion,2017-04-26
E01539,CNT332,PRO0996,cancel,2018-06-26
E01540,CNT333,PRO0998,start,2015-06-06
E01541,CNT333,PRO0998,expansion,2017-11-06
E01542,CNT333,PRO0998,cancel,2019-12-06
E01543,CNT333,PRO0999,start,2022-11-21
E01544,CNT333,PRO0999,expansion,2023-02-21
E01545,CNT334,PRO1002,start,2012-07-14
E01546,CNT334,PRO1002,expansion,2013-10-14
E01547,CNT335,PRO1004,expansion,2023-03-17
E01548,CNT335,PRO1004,expansion,2023-11-17
E01549,CNT335,PRO1004,start,2023-12-17
E01550,CNT335,PRO1005,start,2017-06-30
E01551,CNT335,PRO1005,expansion,2019-05-30
E01552,CNT335,PRO1005,cancel,2021-04-30
E01553,CNT336,PRO1007,start,2012-11-06
E01554,CNT336,PRO1007,expansion,2014-12-06
E01555,CNT336,PRO1007,expansion,2015-05-06
E01556,CNT336,PRO1007,cancel,2016-10-06
E01557,CNT336,PRO1008,start,2022-07-24
E01558,CNT336,PRO1008,expansion,2023-07-23
E01559,CNT336,PRO1008,expansion,2023-11-23
E01560,CNT337,PRO1010,start,2022-08-30
E01561,CNT337,PRO1010,expansion,2023-01-30
E01562,CNT338,PRO1013,start,2015-03-12
E01563,CNT338,PRO1013,expansion,2016-03-12
E01564,CNT338,PRO1013,expansion,2016-07-12
E01565,CNT338,PRO1013,expansion,2018-03-12
E01566,CNT338,PRO1014,start,2015-09-02
E01567,CNT338,PRO1014,expansion,2017-12-02
E01568,CNT339,PRO1016,start,2013-11-05
E01569,CNT339,PRO1016,expansion,2016-03-05
E01570,CNT339,PRO1016,expansion,2018-10-05
E01571,CNT339,PRO1016,expansion,2020-09-05
E01572,CNT339,PRO1017,start,2016-09-10
E01573,CNT339,PRO1017,expansion,2019-03-10
E01574,CNT339,PRO1017,expansion,2019-08-10
E01575,CNT340,PRO1020,start,2015-07-16
E01576,CNT340,PRO1020,expansion,2018-03-16
E01577,CNT340,PRO1020,expansion,2018-09-16
E01578,CNT341,PRO1022,start,2015-12-23
E01579,CNT341,PRO1022,expansion,2018-07-23
E01580,CNT341,PRO1022,expansion,2019-04-23
E01581,CNT342,PRO1025,start,2012-03-21
E01582,CNT342,PRO1025,expansion,2013-04-21
E01583,CNT342,PRO1026,start,2021-03-12
E01584,CNT342,PRO1026,expansion,2022-04-12
E01585,CNT342,PRO1026,expansion,2023-04-12
E01586,CNT342,PRO1026,expansion,2023-06-12
E01587,CNT343,PRO1027,start,2020-02-11
E01588,CNT343,PRO1028,start,2012-12-20
E01589,CNT343,PRO1028,expansion,2015-03-20
E01590,CNT343,PRO1028,expansion,2017-01-20
E01591,CNT343,PRO1029,start,2018-08-18
E01592,CNT343,PRO1029,expansion,2019-12-18
E01593,CNT343,PRO1029,cancel,2022-10-18
E01594,CNT344,PRO1032,start,2013-05-30
E01595,CNT344,PRO1032,expansion,2014-09-30
E01596,CNT344,PRO1032,expansion,2015-06-30
E01597,CNT345,PRO1034,start,2022-10-13
E01598,CNT345,PRO1034,expansion,2023-05-13
E01599,CNT346,PRO1036,start,2014-01-24
E01600,CNT346,PRO1037,start,2015-12-11
E01601,CNT346,PRO1037,expansion,2017-05-11
E01602,CNT346,PRO1037,expansion,2019-03-11
E01603,CNT347,PRO1039,start,2016-06-10
E01604,CNT347,PRO1040,start,2017-06-21
E01605,CNT347,PRO1040,expansion,2019-08-21
E01606,CNT347,PRO1040,expansion,2020-08-21
E01607,CNT347,PRO1040,cancel,2023-07-21
E01608,CNT348,PRO1042,start,2021-03-30
E01609,CNT348,PRO1043,start,2018-07-22
E01610,CNT348,PRO1043,expansion,2020-02-22
E01611,CNT348,PRO1043,expansion,2022-11-22
E01612,CNT348,PRO1043,cancel,2023-06-22
E01613,CNT348,PRO1044,start,2015-01-01
E01614,CNT348,PRO1044,expansion,2017-02-01
E01615,CNT348,PRO1044,expansion,2017-05-01
E01616,CNT348,PRO1044,cancel,2019-07-01
E01617,CNT349,PRO1046,start,2013-02-28
E01618,CNT349,PRO1046,expansion,2013-07-28
E01619,CNT349,PRO1046,expansion,2014-07-28
E01620,CNT349,PRO1046,cancel,2015-09-28
E01621,CNT349,PRO1047,start,2016-05-13
E01622,CNT349,PRO1047,expansion,2018-12-13
E01623,CNT349,PRO1047,cancel,2021-04-13
E01624,CNT350,PRO1049,start,2017-08-24
E01625,CNT350,PRO1049,expansion,2020-06-24
E01626,CNT350,PRO1049,cancel,2022-01-24
E01627,CNT350,PRO1050,start,2015-08-31
E01628,CNT350,PRO1050,expansion,2017-07-31
E01629,CNT350,PRO1050,expansion,2018-05-31
E01630,CNT351,PRO1053,start,2023-01-18
E01631,CNT351,PRO1053,expansion,2023-05-18
E01632,CNT351,PRO1053,expansion,2023-10-18
E01633,CNT352,PRO1054,start,2013-10-17
E01634,CNT352,PRO1055,start,2020-11-08
E01635,CNT352,PRO1055,expansion,2022-06-08
E01636,CNT353,PRO1058,start,2021-10-27
E01637,CNT353,PRO1058,expansion,2023-07-23
E01638,CNT354,PRO1062,start,2014-09-17
E01639,CNT354,PRO1062,expansion,2016-09-17
E01640,CNT354,PRO1062,expansion,2019-01-17
E01641,CNT354,PRO1062,cancel,2021-09-17
E01642,CNT355,PRO1063,start,2013-10-07
E01643,CNT355,PRO1064,start,2012-08-20
E01644,CNT355,PRO1064,expansion,2015-03-20
E01645,CNT355,PRO1064,cancel,2016-09-20
E01646,CNT355,PRO1065,start,2013-03-06
E01647,CNT355,PRO1065,expansion,2014-07-06
E01648,CNT355,PRO1065,expansion,2017-06-06
E01649,CNT355,PRO1065,cancel,2018-09-06
E01650,CNT356,PRO1068,expansion,2023-07-23
E01651,CNT356,PRO1068,start,2023-11-29
E01652,CNT357,PRO1070,start,2019-07-15
E01653,CNT357,PRO1070,expansion,2022-05-15
E01654,CNT358,PRO1073,start,2021-03-29
E01655,CNT358,PRO1073,expansion,2023-01-29
E01656,CNT358,PRO1073,cancel,2023-09-29
E01657,CNT358,PRO1074,start,2016-03-28
E01658,CNT358,PRO1074,expansion,2018-11-28
E01659,CNT359,PRO1076,start,2013-08-14
E01660,CNT359,PRO1076,expansion,2016-04-14
E01661,CNT359,PRO1076,cancel,2017-04-14
E01662,CNT359,PRO1077,start,2019-10-13
E01663,CNT359,PRO1077,expansion,2020-04-13
E01664,CNT359,PRO1077,expansion,2023-03-13
E01665,CNT360,PRO1078,start,2012-11-30
E01666,CNT360,PRO1079,start,2013-08-25
E01667,CNT360,PRO1079,expansion,2016-06-25
E01668,CNT360,PRO1079,expansion,2017-09-25
E01669,CNT360,PRO1079,cancel,2019-02-25
E01670,CNT360,PRO1080,start,2019-01-22
E01671,CNT360,PRO1080,expansion,2019-11-22
E01672,CNT360,PRO1080,expansion,2021-10-22
E01673,CNT360,PRO1080,cancel,2022-12-22
E01674,CNT361,PRO1083,start,2014-05-09
E01675,CNT361,PRO1083,expansion,2016-10-09
E01676,CNT361,PRO1083,expansion,2019-03-09
E01677,CNT361,PRO1083,cancel,2021-09-09
E01678,CNT362,PRO1085,start,2016-01-06
E01679,CNT362,PRO1085,expansion,2018-06-06
E01680,CNT362,PRO1085,expansion,2021-03-06
E01681,CNT362,PRO1085,cancel,2023-07-06
E01682,CNT362,PRO1086,start,2012-12-22
E01683,CNT362,PRO1086,expansion,2014-11-22
E01684,CNT362,PRO1086,cancel,2015-12-22
E01685,CNT363,PRO1088,start,2014-01-16
E01686,CNT363,PRO1088,expansion,2014-09-16
E01687,CNT363,PRO1088,expansion,2017-01-16
E01688,CNT363,PRO1088,expansion,2018-07-16
E01689,CNT363,PRO1089,start,2023-02-02
E01690,CNT363,PRO1089,expansion,2023-07-02
E01691,CNT363,PRO1089,expansion,2023-10-02
E01692,CNT363,PRO1089,expansion,2023-11-02
E01693,CNT364,PRO1091,start,2022-04-19
E01694,CNT364,PRO1091,expansion,2022-07-19
E01695,CNT364,PRO1091,expansion,2023-04-19
E01696,CNT364,PRO1092,start,2023-04-26
E01697,CNT364,PRO1092,expansion,2023-09-23
E01698,CNT365,PRO1095,start,2018-11-25
E01699,CNT365,PRO1095,expansion,2020-05-25
E01700,CNT365,PRO1095,cancel,2023-01-25
E01701,CNT366,PRO1098,start,2022-08-21
E01702,CNT366,PRO1098,expansion,2023-11-21
E01703,CNT367,PRO1100,start,2021-04-19
E01704,CNT367,PRO1100,expansion,2022-06-19
E01705,CNT367,PRO1100,cancel,2023-11-19
E01706,CNT368,PRO1104,start,2015-09-19
E01707,CNT368,PRO1104,expansion,2016-05-19
E01708,CNT368,PRO1104,expansion,2018-07-19
E01709,CNT369,PRO1106,start,2015-01-07
E01710,CNT369,PRO1106,expansion,2015-06-07
E01711,CNT369,PRO1106,expansion,2016-12-07
E01712,CNT369,PRO1106,cancel,2018-02-07
E01713,CNT369,PRO1107,start,2016-12-31
E01714,CNT369,PRO1107,expansion,2018-01-31
E01715,CNT369,PRO1107,cancel,2020-05-31
E01716,CNT370,PRO1109,start,2020-06-17
E01717,CNT370,PRO1109,expansion,2022-06-17
E01718,CNT370,PRO1109,cancel,2023-12-17
E01719,CNT370,PRO1110,start,2020-08-11
E01720,CNT370,PRO1110,expansion,2022-01-11
E01721,CNT370,PRO1110,expansion,2022-04-11
E01722,CNT371,PRO1112,start,2018-01-26
E01726,CNT372,PRO1115,start,2017-11-01
E01728,CNT372,PRO1115,cancel,2021-01-01
E01729,CNT372,PRO1116,start,2016-03-13
E01732,CNT372,PRO1116,cancel,2018-10-13
E01733,CNT373,PRO1118,start,2012-04-26
E01735,CNT374,PRO1120,start,2021-09-10
E01736,CNT374,PRO1121,start,2020-04-29
E01738,CNT375,PRO1123,start,2017-10-23
E01739,CNT375,PRO1124,start,2022-08-16
E01741,CNT375,PRO1125,start,2012-08-28
E01743,CNT375,PRO1125,expansion,2014-11-28
E01744,CNT375,PRO1125,expansion,2016-02-28
E01745,CNT375,PRO1125,expansion,2021-12-23
E01746,CNT376,PRO1127,start,2015-12-11
E01747,CNT376,PRO1127,expansion,2016-07-11
E01748,CNT376,PRO1127,expansion,2018-04-11
E01749,CNT376,PRO1127,cancel,2018-11-11
E01750,CNT377,PRO1131,start,2017-11-26
E01751,CNT377,PRO1131,expansion,2018-05-26
E01752,CNT377,PRO1131,cancel,2020-03-26
E01753,CNT378,PRO1133,start,2014-12-14
E01754,CNT378,PRO1133,expansion,2015-11-14
E01755,CNT378,PRO1133,cancel,2018-10-14
E01756,CNT378,PRO1134,start,2023-02-10
E01757,CNT378,PRO1134,expansion,2023-03-10
E01758,CNT378,PRO1134,expansion,2023-11-10
E01759,CNT379,PRO1135,start,2015-08-03
E01760,CNT379,PRO1136,start,2014-10-01
E01761,CNT379,PRO1136,expansion,2017-09-01
E01762,CNT379,PRO1137,start,2012-05-14
E01763,CNT379,PRO1137,expansion,2012-11-14
E01764,CNT379,PRO1137,expansion,2013-10-14
E01765,CNT379,PRO1137,cancel,2014-06-14
E01766,CNT380,PRO1139,start,2016-06-28
E01767,CNT380,PRO1139,expansion,2016-12-28
E01768,CNT380,PRO1139,expansion,2017-12-28
E01769,CNT380,PRO1140,start,2018-06-28
E01770,CNT380,PRO1140,expansion,2020-11-28
E01771,CNT380,PRO1140,cancel,2021-11-28
E01772,CNT381,PRO1141,start,2023-02-20
E01773,CNT381,PRO1142,start,2012-03-05
E01774,CNT381,PRO1142,expansion,2014-12-05
E01775,CNT381,PRO1142,expansion,2017-04-05
E01776,CNT381,PRO1142,cancel,2019-10-05
E01777,CNT382,PRO1145,start,2014-11-09
E01778,CNT382,PRO1145,expansion,2017-05-09
E01779,CNT382,PRO1145,expansion,2018-11-09
E01780,CNT382,PRO1145,expansion,2020-02-09
E01781,CNT382,PRO1146,start,2020-03-30
E01782,CNT382,PRO1146,expansion,2022-09-30
E01783,CNT383,PRO1148,start,2014-04-28
E01784,CNT383,PRO1148,expansion,2014-08-28
E01785,CNT383,PRO1148,cancel,2016-04-28
E01786,CNT384,PRO1152,start,2012-04-01
E01787,CNT384,PRO1152,expansion,2014-01-01
E01788,CNT385,PRO1155,start,2021-03-11
E01789,CNT385,PRO1155,expansion,2021-12-11
E01790,CNT386,PRO1157,start,2015-02-04
E01791,CNT386,PRO1157,expansion,2018-01-04
E01792,CNT386,PRO1157,expansion,2020-12-04
E01793,CNT386,PRO1157,cancel,2022-06-04
E01794,CNT387,PRO1160,start,2018-09-03
E01795,CNT387,PRO1160,expansion,2020-03-03
E01796,CNT387,PRO1160,expansion,2021-12-03
E01797,CNT387,PRO1160,cancel,2023-12-03
E01798,CNT388,PRO1162,start,2018-05-20
E01799,CNT388,PRO1163,start,2019-04-25
E01800,CNT388,PRO1163,expansion,2021-12-25
E01801,CNT388,PRO1163,expansion,2022-10-25
E01802,CNT389,PRO1166,start,2015-11-17
E01803,CNT389,PRO1166,expansion,2017-03-17
E01804,CNT389,PRO1166,cancel,2019-12-17
E01805,CNT390,PRO1169,start,2020-01-03
E01806,CNT390,PRO1169,expansion,2021-06-03
E01807,CNT390,PRO1169,cancel,2023-02-03
E01808,CNT391,PRO1171,start,2014-10-27
E01809,CNT391,PRO1172,start,2019-05-05
E01810,CNT391,PRO1172,expansion,2021-05-05
E01811,CNT391,PRO1172,expansion,2023-01-05
E01812,CNT391,PRO1172,expansion,2023-07-05
E01813,CNT391,PRO1173,start,2016-05-30
E01814,CNT391,PRO1173,expansion,2019-02-28
E01815,CNT391,PRO1173,expansion,2019-07-28
E01816,CNT391,PRO1173,expansion,2022-04-28
E01817,CNT392,PRO1174,start,2018-12-26
E01818,CNT392,PRO1175,start,2023-05-14
E01819,CNT392,PRO1175,expansion,2023-05-14
E01820,CNT392,PRO1175,expansion,2023-07-14
E01821,CNT392,PRO1175,expansion,2023-12-14
E01822,CNT393,PRO1177,start,2013-10-04
E01823,CNT393,PRO1178,start,2016-01-26
E01824,CNT393,PRO1178,expansion,2018-11-26
E01825,CNT393,PRO1178,expansion,2019-09-26
E01826,CNT393,PRO1178,expansion,2021-09-26
E01827,CNT394,PRO1182,start,2012-04-10
E01828,CNT394,PRO1182,expansion,2013-02-10
E01829,CNT395,PRO1184,start,2023-03-01
E01830,CNT395,PRO1184,expansion,2023-03-01
E01831,CNT395,PRO1184,expansion,2023-07-01
E01832,CNT395,PRO1185,start,2012-11-16
E01833,CNT395,PRO1185,expansion,2014-04-16
E01834,CNT396,PRO1187,start,2023-02-24
E01835,CNT396,PRO1187,expansion,2023-03-23
E01836,CNT397,PRO1191,start,2022-07-13
E01837,CNT397,PRO1191,expansion,2023-10-13
E01838,CNT398,PRO1192,start,2013-09-18
E01839,CNT398,PRO1193,start,2022-03-21
E01840,CNT398,PRO1193,expansion,2023-05-21
E01841,CNT398,PRO1194,start,2019-11-10
E01842,CNT398,PRO1194,expansion,2020-10-10
E01843,CNT398,PRO1194,expansion,2021-11-10
E01844,CNT398,PRO1194,cancel,2023-09-10
E01845,CNT399,PRO1196,start,2013-05-31
E01846,CNT399,PRO1196,expansion,2015-07-31
E01847,CNT399,PRO1196,expansion,2018-05-31
E01848,CNT399,PRO1196,cancel,2019-05-31
E01849,CNT400,PRO1199,start,2017-12-03
E01850,CNT400,PRO1199,expansion,2020-02-03
E01851,CNT400,PRO1199,expansion,2020-08-03
E01852,CNT400,PRO1199,cancel,2021-02-03
E01853,CNT401,PRO1202,start,2021-03-06
E01854,CNT401,PRO1202,expansion,2022-08-06
E01855,CNT402,PRO1204,start,2022-04-09
E01856,CNT402,PRO1205,start,2019-03-09
E01857,CNT402,PRO1205,expansion,2021-08-09
E01858,CNT402,PRO1205,cancel,2023-07-09
E01859,CNT402,PRO1206,start,2017-03-29
E01860,CNT402,PRO1206,expansion,2019-10-29
E01861,CNT402,PRO1206,cancel,2021-03-29
E01862,CNT403,PRO1207,start,2016-07-21
E01863,CNT403,PRO1208,start,2018-05-22
E01864,CNT403,PRO1208,expansion,2020-08-22
E01865,CNT403,PRO1208,cancel,2021-02-22
E01866,CNT403,PRO1209,start,2012-02-17
E01867,CNT403,PRO1209,expansion,2014-09-17
E01868,CNT403,PRO1209,cancel,2014-12-17
E01869,CNT404,PRO1212,start,2014-10-08
E01870,CNT404,PRO1212,expansion,2016-02-08
E01871,CNT404,PRO1212,cancel,2017-02-08
E01872,CNT405,PRO1215,start,2013-12-31
E01873,CNT405,PRO1215,expansion,2016-06-30
E01874,CNT405,PRO1215,expansion,2017-03-30
E01875,CNT406,PRO1216,start,2022-04-03
E01876,CNT406,PRO1217,start,2023-01-28
E01877,CNT406,PRO1217,expansion,2023-04-23
E01878,CNT406,PRO1218,start,2021-05-28
E01879,CNT406,PRO1218,expansion,2023-04-28
E01880,CNT407,PRO1220,start,2018-08-19
E01881,CNT407,PRO1220,expansion,2020-01-19
E01882,CNT407,PRO1220,cancel,2022-07-19
E01883,CNT408,PRO1224,start,2017-06-02
E01884,CNT408,PRO1224,expansion,2017-09-02
E01885,CNT408,PRO1224,cancel,2018-04-02
E01886,CNT409,PRO1227,start,2014-09-13
E01887,CNT409,PRO1227,expansion,2015-11-13
E01888,CNT409,PRO1227,expansion,2016-04-13
E01889,CNT409,PRO1227,cancel,2017-09-13
E01890,CNT410,PRO1229,start,2013-11-11
E01891,CNT410,PRO1229,expansion,2016-09-11
E01892,CNT410,PRO1229,cancel,2018-05-11
E01893,CNT411,PRO1233,start,2014-12-09
E01894,CNT411,PRO1233,expansion,2017-07-09
E01895,CNT411,PRO1233,expansion,2018-04-09
E01896,CNT412,PRO1236,start,2020-06-23
E01897,CNT412,PRO1236,expansion,2022-02-23
E01898,CNT412,PRO1236,expansion,2023-03-23
E01899,CNT413,PRO1237,start,2022-12-26
E01900,CNT413,PRO1238,start,2022-09-24
E01901,CNT413,PRO1238,expansion,2023-03-23
E01902,CNT413,PRO1238,expansion,2023-03-23
E01903,CNT414,PRO1242,start,2017-10-31
E01904,CNT414,PRO1242,expansion,2019-09-30
E01905,CNT414,PRO1242,expansion,2021-11-30
E01906,CNT414,PRO1242,cancel,2022-10-30
E01907,CNT415,PRO1243,start,2018-05-08
E01908,CNT415,PRO1244,start,2022-03-04
E01909,CNT415,PRO1244,expansion,2023-06-04
E01912,CNT415,PRO1245,start,2023-09-06
E01914,CNT416,PRO1247,start,2023-03-03
E01915,CNT416,PRO1248,start,2014-07-03
E01918,CNT416,PRO1248,cancel,2020-09-03
E01919,CNT417,PRO1250,start,2012-12-13
E01923,CNT417,PRO1251,start,2018-12-06
E01926,CNT417,PRO1251,cancel,2023-10-06
E01927,CNT418,PRO1254,start,2016-11-19
E01930,CNT418,PRO1254,cancel,2022-08-19
E01931,CNT419,PRO1255,start,2017-02-09
E01932,CNT419,PRO1256,start,2016-02-02
E01936,CNT419,PRO1256,expansion,2022-10-07
E01937,CNT420,PRO1259,start,2022-08-30
E01938,CNT420,PRO1259,expansion,2023-07-30
E01939,CNT420,PRO1260,start,2020-01-29
E01940,CNT420,PRO1260,expansion,2021-03-29
E01941,CNT421,PRO1263,start,2020-05-11
E01942,CNT421,PRO1263,expansion,2023-04-11
E01943,CNT421,PRO1263,expansion,2023-09-11
E01944,CNT422,PRO1266,start,2017-03-21
E01945,CNT422,PRO1266,expansion,2019-05-21
E01946,CNT422,PRO1266,cancel,2022-04-21
E01947,CNT423,PRO1268,start,2016-04-28
E01948,CNT423,PRO1268,expansion,2017-10-28
E01949,CNT424,PRO1270,start,2016-05-24
E01950,CNT424,PRO1271,start,2016-04-14
E01951,CNT424,PRO1271,expansion,2018-12-14
E01952,CNT424,PRO1271,cancel,2019-06-14
E01953,CNT424,PRO1272,expansion,2023-05-23
E01954,CNT424,PRO1272,start,2023-06-30
E01955,CNT424,PRO1272,expansion,2023-12-23
E01956,CNT425,PRO1275,expansion,2023-03-05
E01957,CNT425,PRO1275,start,2023-06-05
E01958,CNT425,PRO1275,expansion,2023-09-05
E01959,CNT425,PRO1275,expansion,2023-12-05
E01960,CNT426,PRO1277,start,2017-01-29
E01961,CNT426,PRO1277,expansion,2018-01-29
E01962,CNT426,PRO1278,start,2020-10-31
E01963,CNT426,PRO1278,expansion,2023-02-28
E01964,CNT426,PRO1278,expansion,2023-03-23
E01965,CNT427,PRO1281,start,2012-03-27
E01966,CNT427,PRO1281,expansion,2014-02-27
E01967,CNT428,PRO1283,start,2014-08-28
E01968,CNT428,PRO1283,expansion,2016-02-28
E01969,CNT428,PRO1284,start,2020-11-11
E01970,CNT428,PRO1284,expansion,2023-04-11
E01971,CNT429,PRO1285,start,2012-08-11
E01972,CNT429,PRO1286,start,2013-09-29
E01973,CNT429,PRO1286,expansion,2015-08-29
E01974,CNT429,PRO1286,expansion,2016-01-29
E01975,CNT429,PRO1286,cancel,2017-08-29
E01976,CNT429,PRO1287,start,2012-02-12
E01977,CNT429,PRO1287,expansion,2013-06-12
E01978,CNT429,PRO1287,expansion,2014-03-12
E01979,CNT429,PRO1287,cancel,2016-12-12
E01980,CNT430,PRO1289,start,2021-07-17
E01981,CNT430,PRO1289,expansion,2023-01-17
E01982,CNT430,PRO1289,expansion,2023-12-17
E01983,CNT431,PRO1292,start,2015-12-31
E01984,CNT431,PRO1292,expansion,2018-01-31
E01985,CNT431,PRO1292,cancel,2019-10-31
E01986,CNT432,PRO1296,start,2012-11-29
E01987,CNT432,PRO1296,expansion,2015-08-29
E01988,CNT432,PRO1296,cancel,2017-02-28
E01989,CNT433,PRO1297,start,2021-12-17
E01990,CNT433,PRO1298,start,2017-05-30
E01991,CNT433,PRO1298,expansion,2019-02-28
E01992,CNT433,PRO1298,expansion,2019-10-28
E01993,CNT433,PRO1298,cancel,2020-12-28
E01994,CNT434,PRO1301,start,2015-07-06
E01995,CNT434,PRO1301,expansion,2017-08-06
E01996,CNT434,PRO1301,expansion,2020-03-06
E01997,CNT435,PRO1304,start,2016-07-26
E01998,CNT435,PRO1304,expansion,2017-06-26
E01999,CNT435,PRO1304,expansion,2019-04-26
E02000,CNT435,PRO1304,cancel,2022-03-26
E02001,CNT436,PRO1306,start,2019-07-25
E02002,CNT436,PRO1307,start,2017-05-22
E02003,CNT436,PRO1307,expansion,2018-12-22
E02004,CNT436,PRO1307,expansion,2020-11-22
E02005,CNT436,PRO1307,expansion,2023-05-22
E02006,CNT436,PRO1308,start,2019-11-08
E02007,CNT436,PRO1308,expansion,2022-09-08
E02008,CNT436,PRO1308,cancel,2023-03-08
E02009,CNT437,PRO1310,start,2015-05-19
E02010,CNT437,PRO1310,expansion,2017-01-19
E02011,CNT437,PRO1310,expansion,2018-08-19
E02012,CNT437,PRO1310,cancel,2020-12-19
E02013,CNT438,PRO1314,start,2015-08-05
E02014,CNT438,PRO1314,expansion,2017-01-05
E02015,CNT439,PRO1315,start,2019-06-09
E02016,CNT439,PRO1316,expansion,2023-01-23
E02017,CNT439,PRO1316,start,2023-03-23
E02018,CNT439,PRO1316,expansion,2023-04-23
E02019,CNT440,PRO1319,start,2016-08-17
E02020,CNT440,PRO1319,expansion,2018-09-17
E02021,CNT440,PRO1319,expansion,2020-07-17
E02022,CNT440,PRO1320,start,2015-11-03
E02023,CNT440,PRO1320,expansion,2016-09-03
E02024,CNT440,PRO1320,expansion,2018-09-03
E02025,CNT441,PRO1322,start,2016-07-15
E02026,CNT441,PRO1322,expansion,2016-11-15
E02027,CNT441,PRO1322,cancel,2018-02-15
E02028,CNT441,PRO1323,start,2020-06-25
E02029,CNT441,PRO1323,expansion,2022-07-25
E02030,CNT441,PRO1323,expansion,2023-02-23
E02031,CNT442,PRO1325,start,2022-06-02
E02032,CNT442,PRO1325,expansion,2023-02-02
E02033,CNT442,PRO1326,start,2022-04-12
E02034,CNT442,PRO1326,expansion,2022-07-12
E02035,CNT442,PRO1326,expansion,2022-10-12
E02036,CNT443,PRO1327,start,2013-04-30
E02037,CNT443,PRO1328,start,2012-10-01
E02038,CNT443,PRO1328,expansion,2014-04-01
E02039,CNT443,PRO1328,expansion,2014-12-01
E02040,CNT443,PRO1328,cancel,2017-11-01
E02041,CNT443,PRO1329,start,2015-03-18
E02042,CNT443,PRO1329,expansion,2016-05-18
E02043,CNT443,PRO1329,cancel,2016-11-18
E02044,CNT444,PRO1332,start,2022-11-18
E02045,CNT444,PRO1332,expansion,2023-03-18
E02046,CNT444,PRO1332,expansion,2023-08-18
E02047,CNT445,PRO1334,start,2022-04-13
E02048,CNT445,PRO1334,expansion,2023-02-13
E02049,CNT445,PRO1334,expansion,2023-08-13
E02050,CNT445,PRO1334,expansion,2023-09-13
E02051,CNT445,PRO1335,start,2012-09-12
E02052,CNT445,PRO1335,expansion,2013-03-12
E02053,CNT445,PRO1335,expansion,2015-07-12
E02054,CNT446,PRO1336,start,2020-09-14
E02055,CNT446,PRO1337,start,2018-05-10
E02056,CNT446,PRO1337,expansion,2018-10-10
E02057,CNT446,PRO1337,expansion,2020-02-10
E02058,CNT446,PRO1337,cancel,2022-12-10
E02059,CNT446,PRO1338,start,2018-07-06
E02060,CNT446,PRO1338,expansion,2019-11-06
E02061,CNT446,PRO1338,expansion,2020-04-06
E02062,CNT446,PRO1338,expansion,2022-03-06
E02063,CNT447,PRO1340,start,2023-04-14
E02064,CNT447,PRO1340,expansion,2023-11-14
E02065,CNT448,PRO1343,start,2012-09-01
E02066,CNT448,PRO1343,expansion,2015-02-01
E02067,CNT448,PRO1343,expansion,2017-12-01
E02068,CNT448,PRO1343,cancel,2019-02-01
E02069,CNT449,PRO1345,start,2014-02-10
E02070,CNT449,PRO1346,start,2019-05-12
E02071,CNT449,PRO1346,expansion,2019-08-12
E02072,CNT449,PRO1347,start,2022-04-02
E02073,CNT449,PRO1347,expansion,2023-08-02
E02074,CNT449,PRO1347,expansion,2023-10-02
E02075,CNT450,PRO1348,start,2021-11-29
E02076,CNT450,PRO1349,start,2017-03-25
E02077,CNT450,PRO1349,expansion,2018-03-25
E02078,CNT451,PRO1352,start,2016-11-27
E02079,CNT451,PRO1352,expansion,2017-07-27
E02080,CNT451,PRO1352,expansion,2019-04-27
E02081,CNT451,PRO1352,cancel,2021-11-27
E02082,CNT451,PRO1353,start,2013-02-10
E02083,CNT451,PRO1353,expansion,2015-02-10
E02084,CNT451,PRO1353,expansion,2016-06-10
E02085,CNT452,PRO1354,start,2013-03-30
E02086,CNT452,PRO1355,start,2021-05-09
E02087,CNT452,PRO1355,expansion,2022-06-09
E02088,CNT452,PRO1355,expansion,2023-10-09
E02089,CNT452,PRO1355,expansion,2023-11-09
E02090,CNT452,PRO1356,start,2021-03-03
E02091,CNT452,PRO1356,expansion,2023-09-03
E02092,CNT452,PRO1356,expansion,2023-12-03
E02093,CNT453,PRO1358,start,2021-03-27
E02094,CNT453,PRO1358,expansion,2023-03-23
E02095,CNT453,PRO1358,expansion,2023-08-27
E02096,CNT453,PRO1359,start,2012-09-01
E02097,CNT453,PRO1359,expansion,2015-08-01
E02098,CNT453,PRO1359,expansion,2017-10-01
E02099,CNT454,PRO1361,start,2017-07-28
E02100,CNT454,PRO1361,expansion,2017-10-28
E02101,CNT454,PRO1361,expansion,2019-03-28
E02102,CNT454,PRO1361,cancel,2021-08-28
E02103,CNT454,PRO1362,start,2014-04-13
E02104,CNT454,PRO1362,expansion,2014-12-13
E02105,CNT454,PRO1362,expansion,2016-04-13
E02106,CNT454,PRO1362,cancel,2016-12-13
E02107,CNT455,PRO1364,start,2017-03-01
E02108,CNT455,PRO1364,expansion,2018-06-01
E02109,CNT455,PRO1364,expansion,2019-02-01
E02110,CNT456,PRO1367,start,2021-06-01
E02111,CNT456,PRO1367,expansion,2023-03-01
E02112,CNT456,PRO1367,expansion,2023-04-01
E02113,CNT456,PRO1368,start,2016-08-18
E02114,CNT456,PRO1368,expansion,2018-07-18
E02115,CNT456,PRO1368,expansion,2021-01-18
E02116,CNT456,PRO1368,cancel,2021-10-18
E02117,CNT457,PRO1371,start,2016-12-28
E02118,CNT457,PRO1371,expansion,2017-04-28
E02119,CNT457,PRO1371,cancel,2019-08-28
E02120,CNT458,PRO1374,start,2014-10-22
E02121,CNT458,PRO1374,expansion,2016-01-22
E02122,CNT458,PRO1374,expansion,2016-12-22
E02123,CNT458,PRO1374,expansion,2017-06-22
E02124,CNT459,PRO1377,start,2017-04-07
E02125,CNT459,PRO1377,expansion,2018-11-07
E02126,CNT459,PRO1377,cancel,2021-01-07
E02127,CNT460,PRO1379,start,2022-09-21
E02128,CNT460,PRO1379,expansion,2023-12-21
E02129,CNT461,PRO1382,start,2014-04-07
E02130,CNT461,PRO1382,expansion,2016-02-07
E02131,CNT461,PRO1382,expansion,2018-12-07
E02132,CNT461,PRO1382,cancel,2019-10-07
E02133,CNT462,PRO1386,start,2023-02-27
E02134,CNT462,PRO1386,expansion,2023-03-23
E02135,CNT462,PRO1386,expansion,2023-04-23
E02136,CNT463,PRO1389,start,2013-08-14
E02137,CNT463,PRO1389,expansion,2014-03-14
E02138,CNT463,PRO1389,expansion,2014-08-14
E02139,CNT463,PRO1389,cancel,2015-04-14
E02140,CNT464,PRO1391,start,2023-04-06
E02141,CNT464,PRO1391,expansion,2023-08-06
E02142,CNT465,PRO1394,start,2021-03-21
E02143,CNT465,PRO1394,expansion,2023-10-21
E02144,CNT465,PRO1395,start,2016-07-24
E02145,CNT465,PRO1395,expansion,2017-07-24
E02146,CNT465,PRO1395,expansion,2019-12-24
E02147,CNT465,PRO1395,cancel,2020-11-24
E02148,CNT466,PRO1396,start,2022-11-04
E02149,CNT466,PRO1397,start,2015-07-21
E02150,CNT466,PRO1397,expansion,2017-09-21
E02151,CNT466,PRO1397,expansion,2020-04-21
E02152,CNT466,PRO1397,cancel,2021-09-21
E02153,CNT466,PRO1398,expansion,2023-07-18
E02154,CNT466,PRO1398,start,2023-10-18
E02155,CNT467,PRO1401,start,2023-03-04
E02156,CNT467,PRO1401,expansion,2023-05-04
E02157,CNT468,PRO1403,start,2013-01-12
E02158,CNT468,PRO1403,expansion,2013-09-12
E02159,CNT468,PRO1403,cancel,2014-07-12
E02160,CNT469,PRO1405,start,2019-04-07
E02161,CNT469,PRO1406,start,2014-04-27
E02162,CNT469,PRO1406,expansion,2015-07-27
E02163,CNT469,PRO1406,expansion,2017-03-27
E02164,CNT470,PRO1409,expansion,2023-06-22
E02165,CNT470,PRO1409,start,2023-12-22
E02166,CNT471,PRO1411,start,2012-04-06
E02167,CNT471,PRO1412,start,2018-04-25
E02168,CNT471,PRO1412,expansion,2018-11-25
E02169,CNT471,PRO1412,expansion,2019-12-25
E02170,CNT471,PRO1412,expansion,2021-03-25
E02171,CNT471,PRO1412,expansion,2022-11-11
E02172,CNT471,PRO1413,start,2018-01-19
E02173,CNT471,PRO1413,expansion,2019-09-19
E02174,CNT472,PRO1414,start,2013-02-21
E02175,CNT472,PRO1415,start,2017-01-22
E02176,CNT472,PRO1415,expansion,2019-07-22
E02177,CNT472,PRO1415,expansion,2021-09-22
E02178,CNT472,PRO1416,start,2018-01-12
E02179,CNT472,PRO1416,expansion,2018-10-12
E02180,CNT472,PRO1416,expansion,2021-07-12
E02181,CNT472,PRO1416,cancel,2022-09-12
E02182,CNT473,PRO1419,start,2021-08-17
E02183,CNT473,PRO1419,expansion,2022-04-17
E02184,CNT474,PRO1421,start,2018-09-14
E02185,CNT474,PRO1421,expansion,2021-05-14
E02186,CNT474,PRO1421,expansion,2023-01-14
E02187,CNT474,PRO1421,expansion,2023-03-14
E02188,CNT474,PRO1422,start,2015-10-17
E02189,CNT474,PRO1422,expansion,2017-07-17
E02190,CNT474,PRO1422,cancel,2019-07-17
E02191,CNT475,PRO1424,start,2019-08-21
E02192,CNT475,PRO1424,expansion,2020-08-21
E02193,CNT475,PRO1424,expansion,2021-04-21
E02194,CNT475,PRO1425,start,2012-06-20
E02195,CNT475,PRO1425,expansion,2013-03-20
E02196,CNT475,PRO1425,cancel,2015-03-20
E02197,CNT476,PRO1426,start,2014-05-10
E02198,CNT476,PRO1427,start,2023-09-08
E02199,CNT476,PRO1427,expansion,2023-10-08
E02200,CNT477,PRO1430,start,2019-02-13
E02201,CNT477,PRO1430,expansion,2019-07-13
E02202,CNT478,PRO1432,start,2022-11-16
E02203,CNT478,PRO1433,start,2023-03-10
E02204,CNT478,PRO1433,expansion,2023-05-10
E02207,CNT478,PRO1434,start,2022-05-02
E02209,CNT478,PRO1434,cancel,2023-04-02
E02210,CNT479,PRO1435,start,2013-01-16
E02211,CNT479,PRO1436,start,2023-07-07
E02213,CNT480,PRO1440,start,2017-07-19
E02215,CNT480,PRO1440,cancel,2018-12-19
E02216,CNT481,PRO1441,start,2023-04-04
E02217,CNT481,PRO1442,start,2023-03-01
E02220,CNT482,PRO1445,start,2016-12-29
E02222,CNT482,PRO1445,cancel,2019-11-29
E02223,CNT482,PRO1446,start,2017-05-03
E02226,CNT483,PRO1448,start,2018-09-26
E02228,CNT483,PRO1449,start,2021-03-31
E02230,CNT484,PRO1452,start,2018-06-22
E02232,CNT485,PRO1454,start,2018-05-21
E02236,CNT485,PRO1454,expansion,2023-12-31
E02237,CNT485,PRO1455,start,2021-05-01
E02238,CNT485,PRO1455,expansion,2021-09-01
E02239,CNT485,PRO1455,cancel,2022-04-01
E02240,CNT486,PRO1458,start,2022-09-21
E02241,CNT487,PRO1459,start,2018-08-19
E02242,CNT487,PRO1460,start,2017-05-21
E02243,CNT487,PRO1460,expansion,2018-02-21
E02244,CNT487,PRO1460,expansion,2019-03-21
E02245,CNT487,PRO1460,expansion,2020-02-21
E02246,CNT487,PRO1461,start,2016-05-05
E02247,CNT487,PRO1461,expansion,2019-03-05
E02248,CNT487,PRO1461,expansion,2021-02-05
E02249,CNT487,PRO1461,cancel,2022-04-05
E02250,CNT488,PRO1463,start,2013-04-08
E02251,CNT488,PRO1463,expansion,2014-09-08
E02252,CNT488,PRO1463,expansion,2017-02-08
E02253,CNT488,PRO1463,cancel,2017-06-08
E02254,CNT488,PRO1464,start,2019-02-22
E02255,CNT488,PRO1464,expansion,2020-06-22
E02256,CNT488,PRO1464,expansion,2022-10-22
E02257,CNT488,PRO1464,expansion,2023-04-22
E02258,CNT489,PRO1466,start,2017-01-03
E02259,CNT489,PRO1466,expansion,2018-05-03
E02260,CNT489,PRO1466,expansion,2020-06-03
E02261,CNT489,PRO1466,cancel,2021-05-03
E02262,CNT489,PRO1467,start,2015-01-26
E02263,CNT489,PRO1467,expansion,2016-02-26
E02264,CNT489,PRO1467,expansion,2018-09-26
E02265,CNT489,PRO1467,cancel,2019-10-26
E02266,CNT490,PRO1468,start,2022-02-25
E02267,CNT490,PRO1469,start,2017-04-02
E02268,CNT490,PRO1469,expansion,2018-11-02
E02269,CNT490,PRO1469,cancel,2019-08-02
E02270,CNT491,PRO1472,start,2012-02-02
E02271,CNT491,PRO1472,expansion,2013-12-02
E02272,CNT491,PRO1472,cancel,2014-07-02
E02273,CNT491,PRO1473,start,2022-03-13
E02274,CNT491,PRO1473,expansion,2023-12-13
E02275,CNT492,PRO1475,expansion,2023-01-04
E02276,CNT492,PRO1475,start,2023-05-04
E02277,CNT492,PRO1475,expansion,2023-08-04
E02278,CNT492,PRO1476,start,2021-07-07
E02279,CNT492,PRO1476,expansion,2022-12-07
E02280,CNT493,PRO1478,start,2012-09-30
E02281,CNT493,PRO1478,expansion,2014-08-30
E02282,CNT493,PRO1478,expansion,2016-03-30
E02283,CNT493,PRO1478,expansion,2018-06-30
E02284,CNT494,PRO1481,start,2017-07-12
E02285,CNT494,PRO1481,expansion,2018-07-12
E02286,CNT494,PRO1481,expansion,2019-07-12
E02287,CNT494,PRO1481,expansion,2022-03-12
E02288,CNT494,PRO1482,start,2022-07-05
E02289,CNT494,PRO1482,expansion,2023-01-05
E02290,CNT494,PRO1482,expansion,2023-03-05
E02291,CNT495,PRO1485,start,2018-09-14
E02292,CNT495,PRO1485,expansion,2020-03-14
E02295,CNT496,PRO1488,start,2021-09-11
E02297,CNT496,PRO1488,cancel,2023-03-11
E02298,CNT497,PRO1490,start,2015-12-14
E02301,CNT497,PRO1491,start,2021-07-26
E02304,CNT498,PRO1492,start,2023-03-27
E02305,CNT498,PRO1493,start,2014-05-26
E02307,CNT498,PRO1493,cancel,2019-01-26
E02308,CNT498,PRO1494,start,2014-08-09
E02309,CNT498,PRO1494,expansion,2015-03-09
E02310,CNT498,PRO1494,expansion,2017-09-09
E02311,CNT499,PRO1496,start,2019-09-22
E02312,CNT499,PRO1496,expansion,2020-04-22
E02313,CNT499,PRO1496,expansion,2022-07-22
E02314,CNT499,PRO1497,expansion,2023-05-19
E02315,CNT499,PRO1497,expansion,2023-06-19
E02316,CNT499,PRO1497,start,2023-08-19
E02317,CNT499,PRO1497,expansion,2023-12-19
E02318,CNT500,PRO1500,start,2016-09-24
E02319,CNT500,PRO1500,expansion,2018-02-24
E02320,CNT500,PRO1500,expansion,2018-06-24
E02321,CNT500,PRO1500,expansion,2019-08-24